job_id,status,real_development_model_fitting_performed,coverage_fraction,mse
v3g5job:9efb1dd97e6d07b2bad8e2b0ae95eaecb784ad98273effd7422a910dd53c7bd2,SUCCESS,False,1.0,0.021921704802844718
v3g5job:62ab78d02c721bc87e1aa4034ec815fb586d34dfba18a58de34a71896ef979b7,SUCCESS,False,1.0,0.014868251571964837
v3g5job:737ecc76c15191f0d31c7823599c47c87a0c84d9ef07be492998b236eec92784,SUCCESS,False,1.0,0.008011687370087032
v3g5job:ea7799f7bd86c6dcf891986162fd9da20bd4aecf1c0e4fa4d31f6d96a6e4246e,SUCCESS,False,1.0,0.00595418473162374
v3g5job:0e9e1b192682619c6176f277f04ef6df974ec329f08332ab77f0cfb5224e7c50,SUCCESS,False,1.0,0.006184672949095803
v3g5job:da549c7090f1f7f44df97b442cd81308ab2702131cb424e3b89c982aa6348c1d,FAILED: Training fold is shorter than the registered rolling window.,,,
v3g5job:751f20fe5e50d993bf744f2429c655c140fd4e0e3fb821776246655bc37e818a,SUCCESS,False,1.0,0.014388622694317163
v3g5job:7d964d72ca0ce1536f145929f9bb083e4cb6b748074c682da516a2e2041f9535,SUCCESS,False,1.0,0.008734443870153192
v3g5job:bd1b48b4e51d42740148374599c6fd74e43fe93130b66596750870811b4cb2d8,SUCCESS,False,1.0,0.0065748866849021734
v3g5job:c8e99479d5935c57dfc3043c1165d3aa4490d45c8f358a716d3d0ad083e1be12,SUCCESS,False,1.0,0.0066159806712650345
v3g5job:b21181754e0ed7b7391fd37b870ef31d4decfb57266112c36b01a93e4bf2e6f3,FAILED: Training fold is shorter than the registered rolling window.,,,
v3g5job:282cc23ef8c7ddc35d67562a3045693f5d2ecfb1411af05d93bfc603efbc72c3,SUCCESS,False,1.0,0.014418983961942137
v3g5job:f70c4dcc7bda07be14dede76f1b2122e0d0acefbeac2f9fb1c1f6e16e4a2f365,SUCCESS,False,1.0,0.00875577152644251
v3g5job:8a1cb594413e73e1c8f0d20805ef49af84a5bda5671e271b2a82c92295b34642,SUCCESS,False,1.0,0.006594450619481613
v3g5job:c90968f0e0acb3a30be8a34cb2588b59f1e73eb7deb430845daf00d3c6464e7c,SUCCESS,False,1.0,0.006633229551625408
v3g5job:8033f59834658f6520aac78e085f95f0b751f026e976b04a3f09d1917e120e72,FAILED: Training fold is shorter than the registered rolling window.,,,
v3g5job:60ca8c7bb82a5b1483a46b474e34521774ade0bcb191e9db79ef7b2af1b15488,SUCCESS,False,1.0,0.01441560602022843
v3g5job:aab9f44857b456b905985af931854721d2f9b7b813f5d2a0520c55b160eca07c,SUCCESS,False,1.0,0.008753606446083358
v3g5job:a28c5f66134664f5f652bb9e1431967f2d0f9eb8d6fcdfa94da59cb5b60a36dd,SUCCESS,False,1.0,0.0065925463961807
v3g5job:de8d5d0c40d723648bbc4d60cd364a0d231752d9f9dfaa727c64f57351cf01e9,SUCCESS,False,1.0,0.006631548582025376
v3g5job:7f5ad3b94b45a2c830da79e3610da321d80c260be243ca0f767859b09264be3c,FAILED: Training fold is shorter than the registered rolling window.,,,
v3g5job:2d15ba2058e6bda51c131b7f898f5a8f44251cb1c25cceffb7f87da3631b7b46,FAILED: Training fold is shorter than the registered rolling window.,,,
v3g5job:82da199de3f9e7002bc931acbeaabd4617010431d5838b873de2fc925772727d,FAILED: Training fold is shorter than the registered rolling window.,,,
v3g5job:e21c89c8f4b9bd095597181637d9d42f10e10f9bc76739acb8e292f39dc23f65,SUCCESS,False,1.0,0.005923369773987523
v3g5job:d09b1c0019b73129cea2884b9272923e03ca51c32fe611bf9793c00d73afece9,SUCCESS,False,1.0,0.006261412338530106
v3g5job:a0e856bd95a7133169e6be0161b28dad7e35306f17ad5a2a71a98c0275b18fae,FAILED: Training fold is shorter than the registered rolling window.,,,
v3g5job:fb80a30bc1eef0e7a8d195ae65dcca53721b589dca616ce5b310732071fa5231,FAILED: Training fold is shorter than the registered rolling window.,,,
v3g5job:ede14e14e072c95cfff53d83b880783d19cf3d253d7ff32f413578d77707d2c5,FAILED: Training fold is shorter than the registered rolling window.,,,
v3g5job:2296961870e93bb12b1626ede88595ff49c6b58e87953e2a7954fc62ea5e8dd3,SUCCESS,False,1.0,0.005923198117352425
v3g5job:7fa75997d2ed1a1ee12655b92192fb8db2e0b1d61ce80f15f6aa0c910ea1f6da,SUCCESS,False,1.0,0.00626105984434838
v3g5job:96f2a56ece139a446cfb3bcf78282219f12eba458152073122e5de634f953441,FAILED: Training fold is shorter than the registered rolling window.,,,
v3g5job:75053926226d24022cf547ddd7860b10c82121a62c983cb14abb1039f9d213fa,FAILED: Training fold is shorter than the registered rolling window.,,,
v3g5job:07995f14e532184b61a49203afb8643ee697e5884a7f4cda3514274171dad948,FAILED: Training fold is shorter than the registered rolling window.,,,
v3g5job:483fa25d2d986024b648f87e254c5a96731f014ac36793d736173462bced1fef,SUCCESS,False,1.0,0.005921573188337308
v3g5job:e006c3ac7332d5b90d5d290c8eeba731ac52c94a4215912d33f82ecda7c2ace8,SUCCESS,False,1.0,0.006257721843188765
v3g5job:edc76216781754efca6af8111a5199366e8ca9a87387fa2f5a2137ad5f4f6f3e,SUCCESS,False,1.0,0.021015580392120096
v3g5job:0e4ac4df72d7b04feb7a42e6861e9a9b05cdbb7a4154f1a2ffcf2b10269b42a3,SUCCESS,False,1.0,0.015500735529491948
v3g5job:1ef24979e1e26df1c42cbe7dc3401d1fb3fca2de5f1cb47e7c7c4862a813a27c,SUCCESS,False,1.0,0.008661907985021642
v3g5job:b5dabe6d05a269a35252b5721e018bff29fe4dea2cadbb0e05a0f752e1f13a64,SUCCESS,False,1.0,0.006117623171294159
v3g5job:3e26bf5c72d2aaf187e6d2510bd02cbc7b2fb1a7c79bce6ba5cfac85e856ede4,SUCCESS,False,1.0,0.006323800122667213
v3g5job:d797aa0e25a2ac42158a43020209441393b58f2e809441516ab14c03ac2fde90,SUCCESS,False,1.0,0.02131189645048364
v3g5job:d80c84b2d040d6ea1f63c407c64d0f38aeaf620ee34c77431c1b38bc1b898bbb,SUCCESS,False,1.0,0.016325625843023987
v3g5job:6a9eb1a7610cdce0899c032b520fbeeea8d27365390fdb109decb6652f52373b,SUCCESS,False,1.0,0.009114582506845055
v3g5job:0c022504b49ee2fcbe1fa3d948a7c538f791a1a08b9145bcbd5759bbf43c11da,SUCCESS,False,1.0,0.006863482485338591
v3g5job:c45fe865eed5d00c3e6d59d85e9615390d68677209191eb065246988091406c9,SUCCESS,False,1.0,0.0065108692807675185
v3g5job:1c25e1d97b205ed6babff38439b872d0d5376734200933a5317b06a67c34f95e,SUCCESS,False,1.0,0.01982203596346875
v3g5job:1b32ffd053aac4a11af83430cc01df9216ed79c596259f7665d81f639d092807,SUCCESS,False,1.0,0.014760969939760586
v3g5job:06d1bef26e510907e50cc3eec0ed381826dae814919be9ff29bf39a9ac6504da,SUCCESS,False,1.0,0.008477934510192776
v3g5job:55a1dbf2ec3d31587aa27e10963db790a639e8ddfbf894b6cab2e5c56a62ea26,SUCCESS,False,1.0,0.0060166689287480275
v3g5job:a82ca82aab7cca7d8a681888003eb067a17679de2bdd50a5eba3a36fc6cb8bee,SUCCESS,False,1.0,0.006227309100577161
v3g5job:576e659c9941a80f446fe2bc5d67dc08d0e1187cd5463bc437daaac12d2ece2d,SUCCESS,False,1.0,0.019975008397811897
v3g5job:0647a6b46864409e8fe3107e36ea233b0d358533972c2cdbf925cd6d92c61adb,SUCCESS,False,1.0,0.015522692107292258
v3g5job:efc919edc4adc4b6624b4ed85830253de5096fe0b1fb032086be433d8ef84dfb,SUCCESS,False,1.0,0.008668970028828667
v3g5job:9a05fbc3e07778c6b8963e96a551065ed14cdf64b26d60f9e4c263a7ed97f39b,SUCCESS,False,1.0,0.006443639270670626
v3g5job:4ce50232d3e4ca1505da64a153e2fe9577b48172a7cd94a5dec575d40e21f4f0,SUCCESS,False,1.0,0.006290438733701272
v3g5job:71d06c17b931903d5ce82b81e49f9593deeacd7371d15c54d6e20564f9b83aa6,SUCCESS,False,1.0,0.019960749512686927
v3g5job:f70ec27a42379d0e3891f4f51e84a179d6f0c1d04f5d82e2e6fc2ca79840f940,SUCCESS,False,1.0,0.015500066397301308
v3g5job:c942c7a39dbe3693659fa5d7a11aa76b65ef77f6fac4a30ba05f36b8b0a8b7ab,SUCCESS,False,1.0,0.008732153423262083
v3g5job:f2055385ce1071f6d8d65c23f3179093d20e0a2dc0c3e57cea087e6da92be089,SUCCESS,False,1.0,0.006375301495208751
v3g5job:f8e0795b581bafb73d6fe3a0344a12a94228d5db3716c31a34df1c2273a7c203,SUCCESS,False,1.0,0.006363834643106792
v3g5job:3458b3918a05828b726ba2024f3ae7c9d39a4b61852c9480dd95c997d664b030,SUCCESS,False,1.0,0.019933202331625908
v3g5job:57e62b412e98177990d9668ae13a77f03ef4ae3184ad61c31320e918fbbf484d,SUCCESS,False,1.0,0.014587428044344567
v3g5job:07f9421405fc8fb366a09c7243eb768f4e6355d4b76592353cb0242912a30a64,SUCCESS,False,1.0,0.008429720061976944
v3g5job:74157d14559a6e72fbba4d3cf9d5126fd82e86054c3b5b68305314603fcd00cf,SUCCESS,False,1.0,0.0060129000710503425
v3g5job:185c9c0cfa3738c06e072c46c8dab0c50b3b9e0edc88869e9f4fad3882acaa9b,SUCCESS,False,1.0,0.006246482207405589
v3g5job:6cabedd6170846fccd02af3f0d57c008ffdea244a19c9729449357d100bc1edf,SUCCESS,False,1.0,0.021013936211546538
v3g5job:75119194e86c7d4138964e97d390fc46801e4c283b083350c7128d12f0c0e736,SUCCESS,False,1.0,0.015410097158888584
v3g5job:4aabd739dfea70662319d0db245a75fc09a1e8b3dd63c395ee430386028b3548,SUCCESS,False,1.0,0.008645873140776722
v3g5job:8c635a1713595de35b34f80ee51723462a968c3129c3ce637aaa34ea24cf111f,SUCCESS,False,1.0,0.006120516038048076
v3g5job:7caf9fc53e4d61614a496a09209849404fb53110c1cee8110c05ba85d4f3d8a4,SUCCESS,False,1.0,0.006253765106061785
v3g5job:66e4a8dbbe3a84d39135901e46e2f5d8f9912b0008df966661d17f9f268336ee,SUCCESS,False,1.0,0.021048498168549878
v3g5job:c2d5e74aa0c5c4d2022540ad0d0993e204f277323f66952c7b193d7106260af3,SUCCESS,False,1.0,0.01626090558476506
v3g5job:f0b57a77e93bbb69335222d2f0c7fb97845971aa1069f1997b4f2f6c001670e3,SUCCESS,False,1.0,0.009170320281625722
v3g5job:2c0088d93995ad8651ecd1b376149f4b48d8a1c3ead7a8bf9304be79e18211aa,SUCCESS,False,1.0,0.006852106975816902
v3g5job:59df96da3d3dcbaac22ce8d589b09016d74bf911575612cd13f30d5c7422b4ab,SUCCESS,False,1.0,0.00658537229772509
v3g5job:0cc8f292d29cbcd79c0bacf05942b015e2d8ff12bab7ac8df763cac34bd9627f,FAILED: Training fold is shorter than the registered rolling window.,,,
v3g5job:15fe8677c44b923e3c0f605a043547d4756066d336078afa85f1762ee9723652,SUCCESS,False,1.0,0.016391084066690743
v3g5job:f68167253045cb20ef0322d4fa17860add2ddf4df0c5be87c5a66da3b54ebdd6,SUCCESS,False,1.0,0.008577828660920389
v3g5job:67621bc0072e03914eabd57b9f7938ca8df2937f9bbef3c5a6fbd177672bf38d,SUCCESS,False,1.0,0.007191620248212655
v3g5job:f16090d197674be1d51f545b4dfd2d51d97db6785f891a1a3d77dcc597e035b0,SUCCESS,False,1.0,0.007228023466511719
v3g5job:be688075794fe4e4fccf8fbf0c0330960d0d1bdf4dc12b1763f4535a8be9c933,FAILED: Training fold is shorter than the registered rolling window.,,,
v3g5job:37ed2b23355d1cd1fe5c24d584d370877c74eac79ae7a2fbede0ad221934ebb4,SUCCESS,False,1.0,0.01607309974875276
v3g5job:5628ab89ae0e354d3e1be461a1b14f14175355a41b48e19d18c6a88c57766e57,SUCCESS,False,1.0,0.008300163526480135
v3g5job:b5afb5061478e4052aef26aeb3db919b783992b5f320b255eb67d6ac8363a5f0,SUCCESS,False,1.0,0.007111844100866746
v3g5job:f6b1dc01a8a0c32393ed128d9aa4584cbf6ae929925745c77ec0666df0178779,SUCCESS,False,1.0,0.0071835744686295
v3g5job:6f2302f512a2cdb7d893fb3f704c0ec2146a26de8df23bc0fb22af9ba91c0b25,FAILED: Training fold is shorter than the registered rolling window.,,,
v3g5job:1782bd8ecc5d95a3a6180eccaae586a0111bab46b3307d52705f2d93fe628d79,SUCCESS,False,1.0,0.015810320000463857
v3g5job:62cf8fe8c47bbbef0699772473b123e317696f8603c652a980a36ee0cd2c9c37,SUCCESS,False,1.0,0.00825831533271232
v3g5job:9740268b06e31b2f93fac5e25feb97289df80e813124560dcb04e5afb9f70f2b,SUCCESS,False,1.0,0.006695901514912634
v3g5job:82f2b976882a6a9875e3129ab496d5b371cb78a8b898d2ae6a76a812630702e8,SUCCESS,False,1.0,0.006958420028263554
v3g5job:3fcfac8f5de69e60fa673d7b19f18dd9480f947a3504a76a86afd07cad4dcf46,FAILED: Training fold is shorter than the registered rolling window.,,,
v3g5job:65967e14023cf099c090b00d8b10ef385d2507db55d90956057ed36077f24cd9,SUCCESS,False,1.0,0.0163664143266219
v3g5job:868724741c2c0b3f471ad47995f123eb33f0757c10db612d871a0bfda8a44cf7,SUCCESS,False,1.0,0.008535173747832053
v3g5job:f3c9cad786755bedd0019893b93caf80a1018967a8c4155d8774e3a89eba37be,SUCCESS,False,1.0,0.007206551885922063
v3g5job:004185885f8daae35291b78dc306da64319011d91968f8ce688d559ad70ca632,SUCCESS,False,1.0,0.0071859148027333675
v3g5job:98d9353d36c07d5db74f5b8183eb091d7d90b52f226fa6bf44c60b26b4f9e278,FAILED: Training fold is shorter than the registered rolling window.,,,
v3g5job:608395b553b16472b9737d0229de333c192478c3a6f8a84155a87b4d1d406945,SUCCESS,False,1.0,0.015665086958114246
v3g5job:61783aec805a18375e8498ad6cccc742eb1e30d16167ceb732aefa3da6525b26,SUCCESS,False,1.0,0.008261252880242256
v3g5job:89d89c1cf7e1e8ab8cba1bb5ebfd29788abc973e434f72f260e628910b6f1354,SUCCESS,False,1.0,0.006692500083933097
v3g5job:e3ed5d6a6678934fb34f7be132be6630575869b137edcaa3cfbb1b6d5293a673,SUCCESS,False,1.0,0.006914471806952995
v3g5job:3cd97b0a9022542ec84ded1a6c40673e2e2ee61ec0a8d053d8c928448ba632cf,FAILED: Training fold is shorter than the registered rolling window.,,,
v3g5job:374bb164e9b238efa90f74df8d879e03c345b73f61aa44271a20dcd21faabdfe,SUCCESS,False,1.0,0.016953503548323978
v3g5job:9d3b152dac3c0b7e3f6cd0217dc1e62f5ee78190aa6451abc21c32f3ea8d05c0,SUCCESS,False,1.0,0.008674793435467218
v3g5job:dae1b2368c8c46313a656aea10c9d099bf08d40e39335fdceab3f4722d62fa54,SUCCESS,False,1.0,0.007614016757548904
v3g5job:a35b7cdd3d640b3e15c788962d21883e311fbdc8a22f6dc8f62b235a59f65bd0,SUCCESS,False,1.0,0.007592806618838427
v3g5job:efb815c55677182bbf8a363df3fb4265273410eafccb3de125108d06d5be191f,FAILED: Training fold is shorter than the registered rolling window.,,,
v3g5job:7f68c3fb93b14af2be291fd5ab46496ac545f86c4e3cee3dfcd2616b13b40742,SUCCESS,False,1.0,0.017257021250366794
v3g5job:6ed2288166549d0c2a512046c1fbc712722bc19f79973d5b05cc4f1c64556eb4,SUCCESS,False,1.0,0.008693587745483133
v3g5job:146e4a3ae86c8aaeb25b0a245af8645ab741e8cec3fbbbea47f1944455189016,SUCCESS,False,1.0,0.007657406180235361
v3g5job:8077f5c9825ab28864dede307c61640726da02537fe32ebfb02b2b81f4945543,SUCCESS,False,1.0,0.007644830724764927
v3g5job:dec1104164ed32ad3413a7a480203ed5b084227be7e0a08a1b991ab9ccbf414d,FAILED: Training fold is shorter than the registered rolling window.,,,
v3g5job:e79a7c6f6f7600ddbf29dcc74ea0f2ef47ec49fddf8b6159cf0ee365668076a9,SUCCESS,False,1.0,0.01613675000131414
v3g5job:0ea910ca6d656d2845fb73e25b820f974b0112fe3aa270d8a5263b3d4c0782a8,SUCCESS,False,1.0,0.008347062638278831
v3g5job:e421acb557af0133733e15cb3365ffe6457c4118ebb094e3d53bceba7645df7a,SUCCESS,False,1.0,0.007079689786718454
v3g5job:8a07df313daa09f38117a68900496227b5b611744d5db76818aab1f2dd646840,SUCCESS,False,1.0,0.007189478884921021
v3g5job:79bcb2a04688e9c68f684a8d6f8575493a8531fac53195b8d0b80bb4969e1e54,FAILED: Training fold is shorter than the registered rolling window.,,,
v3g5job:200fd3e9c41e0a628451be93b608318bef6d706fe62e7e049729138a47f4942d,FAILED: Training fold is shorter than the registered rolling window.,,,
v3g5job:902f18fde1a3a2ce448dc423c649749fb4c587d91bfef8d0e21a1dcec81e62f6,FAILED: Training fold is shorter than the registered rolling window.,,,
v3g5job:0ce1cd47cc0c9324edfec7eb44a7a4a32ab1dcb91a531bc8c8fdf6cf8f6de4d1,SUCCESS,False,1.0,0.006331308802942573
v3g5job:dd3487029527fb6c1430b74f6dbd47d9c28b8a086002638e690dfcf26b543a38,SUCCESS,False,1.0,0.006592128093864118
v3g5job:00c3c4e4616a80a11d5aa881e2ebb9d6d53b8b71f80c5b7a5217c354ec8364cf,FAILED: Training fold is shorter than the registered rolling window.,,,
v3g5job:ddfdb3f7e41a8598d314812b78f6cceeb8cd0f47314b22e0b1634d34783e8446,FAILED: Training fold is shorter than the registered rolling window.,,,
v3g5job:5c018695eac9f6e4c935ef0d829061794f0a0ec70c3bf34fa03d4c38b74ada8e,FAILED: Training fold is shorter than the registered rolling window.,,,
v3g5job:7afc9322e45211962b0c68ce828d568f5346483bf3072f1286dfd0876604e131,SUCCESS,False,1.0,0.006584614898602466
v3g5job:3d90db98349b69e6af6b225a9dd35f031b6e4f08b5f638ac39fb110eca2805b4,SUCCESS,False,1.0,0.006805565710420398
v3g5job:4f3c0721d5dd4c45af5e3faee606f06f82d9ff62314e46f93de5cdc3a1aedbbb,FAILED: Training fold is shorter than the registered rolling window.,,,
v3g5job:e0ce74e3807102c8f6d2ec27ea7db5b63a9c83adbeafac39f8eadb8bfd2e2494,FAILED: Training fold is shorter than the registered rolling window.,,,
v3g5job:40350be06abb95172f986669f0107966c6c684bcdeecbcb3fe26d129dbdd216f,FAILED: Training fold is shorter than the registered rolling window.,,,
v3g5job:c25096a497a93017e88b0dbaab7cf8cc1fad6513fc6a2dd0a4b9aac1fbfa86da,SUCCESS,False,1.0,0.006073171609048151
v3g5job:c61be88af83475bf6ea734db0f45254b2755dac981893e2dcc099f0bd003e5d1,SUCCESS,False,1.0,0.006342979354489562
v3g5job:e2b3f14fa53b6ecf7ef049318ea58322cb761eebedc948def60717c9f1b2fc42,FAILED: Training fold is shorter than the registered rolling window.,,,
v3g5job:ffa70997bba23c352f34e6114cd727b3632724ea3d4cbc95eb3c8e6988efee87,FAILED: Training fold is shorter than the registered rolling window.,,,
v3g5job:ac260863f8a0f56256a57562cdfb53db244d3c885a0e696b178b8cb389c5b37d,FAILED: Training fold is shorter than the registered rolling window.,,,
v3g5job:a120f92fe5f37228736d719f45f2cb2809ebd98317f3ff851813d020f6bc8d0f,SUCCESS,False,1.0,0.00629141499862052
v3g5job:7188e3d15e9ed41e2725c1032ebdc9f850ed2e7916dca5569ada6a904ff80f73,SUCCESS,False,1.0,0.00645060536408587
v3g5job:fd3d23f07c83ef63abb91af718a7f2bc926f17529c21145e25f6fec6661d4090,FAILED: Training fold is shorter than the registered rolling window.,,,
v3g5job:21eaf6e1e276466424cc1b2827066dc38731faf450a4d941f6bdb9d6b3443250,FAILED: Training fold is shorter than the registered rolling window.,,,
v3g5job:163e51e17b80456977a0bd4ce87b7d7988129fbc63541a581072cab0711ce35f,FAILED: Training fold is shorter than the registered rolling window.,,,
v3g5job:1e27e7970c1af16dea884310bfa9becf37abe3e817961a8575c472edd94c8781,SUCCESS,False,1.0,0.006365897353907257
v3g5job:7a0420847a7e2ac4d415993079bf2cf52f116e3514c813a6a3aeb822d9389895,SUCCESS,False,1.0,0.006482177300193551
v3g5job:a7325862c3d1d728e72223b4b1ec13317d9c7eda5cf51e5cc476d0c17556ff67,FAILED: Training fold is shorter than the registered rolling window.,,,
v3g5job:990678ee7e3ce2ceb765a3dad455dbda28a66de97d3b5e02a78083990d8a913e,FAILED: Training fold is shorter than the registered rolling window.,,,
v3g5job:bb9f2f848fecd29e255bcf4916f02dc6d2d70329f67169387f42d09cb6a9d95b,FAILED: Training fold is shorter than the registered rolling window.,,,
v3g5job:fbd1571bf8dffb3c33a7d05348c52899916cbebe774a58ae84d6e1753f99d610,SUCCESS,False,1.0,0.006114485799788162
v3g5job:f4314da6e9cfe0e744edb05e8ec189a35c442d0f7b1df36350402d6030ff302f,SUCCESS,False,1.0,0.00631401266430848
v3g5job:75b245209c771b359f5bab99f065b43a8e4d66310102c221db54655300ea2aa1,FAILED: Training fold is shorter than the registered rolling window.,,,
v3g5job:25580602a593237d786445ff3581817d05fa97de00b9143de1f1f741d42a9329,FAILED: Training fold is shorter than the registered rolling window.,,,
v3g5job:a5e522ed053de5b19147a142ab707613677491bf8d8d73d4b1716ae44921dc4e,FAILED: Training fold is shorter than the registered rolling window.,,,
v3g5job:f305da68a2e85cf7c95616eb0906206df1e96895f20193a1fb16dfa53d819d14,SUCCESS,False,1.0,0.006603529732595392
v3g5job:90da4bab14b2b55035f6390def823823148c40777b1ace939d1c2dd48d36ee61,SUCCESS,False,1.0,0.006908790927069754
v3g5job:42fe7f26c7a446f1d866a60520b45818f36ebc2452ec2c1dcef1fb8b6fa5d1f0,FAILED: Training fold is shorter than the registered rolling window.,,,
v3g5job:d356a5e194d507a4dd6eef84c2d7487deb455d9b05d53831209a1e918df252e4,FAILED: Training fold is shorter than the registered rolling window.,,,
v3g5job:e07f23ed1d709414f523b866864f46a7d5889bf22c14438833fffd23794873bc,FAILED: Training fold is shorter than the registered rolling window.,,,
v3g5job:4aa7434067d69975c681f182e57a544ed812f4bd21e15dc85e05eb5371dc76d0,SUCCESS,False,1.0,0.006275304522956756
v3g5job:0818eb22129c690887ba3c62887899d3b905884ab4a4725c52e933479bea9b75,SUCCESS,False,1.0,0.006475834560549406
v3g5job:0d33e96b7f0ecdf0c7ff12a4012fac2e4a8aadc7c20ccf1ee84eeb58e187eb76,SUCCESS,False,1.0,0.022249433962538954
v3g5job:a37472977224dbf9893fa0fe94c328c22bb13f7f1584dbac5f96a86193862543,SUCCESS,False,1.0,0.015480607812261217
v3g5job:409279d298ee19bd0bc348fe30f0564cceae26d7449be1180b09495babc72340,SUCCESS,False,1.0,0.00831123417847078
v3g5job:9d810b5235d1f8d1190d1b72120c4cf77fe6d56c86b295b57bcaa2222ad97762,SUCCESS,False,1.0,0.0063907397840797875
v3g5job:ec10139690f51f6b677ffbbac3271f39afa3075175f5ca45195ab5247015ec94,SUCCESS,False,1.0,0.006451107793373787
v3g5job:a9bc36ae640225aab919b210b29cd7c141152ccc306925ea28897cf1c17f2c23,SUCCESS,False,1.0,0.02302246568119613
v3g5job:faa51de5930ca76feb1dd496c2ef148c5e87be9ad9243d3a57ff2080a58b10f8,SUCCESS,False,1.0,0.01672401496413035
v3g5job:a5623c8c338f2eaa0de0ddf3900f80d7147436ef5b7b85b3a8b1a4434f080056,SUCCESS,False,1.0,0.00867977432202697
v3g5job:0a7222e1ed9ea582e57df24550f38e4fb493740b4e07a1d25ac148fb66daaeae,SUCCESS,False,1.0,0.006574301101941496
v3g5job:55976aaaff6f6fc9ef66977314881a22928c0328119ab5ce7dfbf3cc50130fb6,SUCCESS,False,1.0,0.006733129096856532
v3g5job:f88581e963346eea61d71792858cb7347fc439f8fced7d9621df8705b9f80a65,SUCCESS,False,1.0,0.02403615471863604
v3g5job:be8b67675ee2e70cc98f520b7b681d1ffe949456ca7ad196f4d455aa7a02ac51,SUCCESS,False,1.0,0.01612926987228811
v3g5job:64c1fd306bfc11d606b00cb24b419d999ac5a675b2c18d4194f628516ea8aba8,SUCCESS,False,1.0,0.008312690057021767
v3g5job:b1a0e397901a155ef06125a583c9dbd843a745b50d9599c55aec43d61b665651,SUCCESS,False,1.0,0.006410175402331263
v3g5job:edef36d5c9e7a3b9504e245950e0ddd1a36bb7b6023d5309d6ed7a392560e5eb,SUCCESS,False,1.0,0.006487604363466787
v3g5job:56c61de463e6478c772dbb824bb4cbf15516a6d073b962f9edcf8c2b061b4e85,SUCCESS,False,1.0,0.024344830237786226
v3g5job:91dd540212abb405c9b74058a851f40b0ccd68db9f723270c980e0ef08fe437d,SUCCESS,False,1.0,0.016573403959958082
v3g5job:32997032703f2c19c03c16b2f486e18f26752b5f15bd2f93229e93e5c74fe7ea,SUCCESS,False,1.0,0.008800928028903017
v3g5job:3267bbb439b2c8f2e74c0125967f77c299742db6a1e5f1d23651d63d248f2a6f,SUCCESS,False,1.0,0.006667181598344664
v3g5job:398e875333a5500dc4d7932d8aa1955da097e8e60c4b6f42884940c3a0b7a92a,SUCCESS,False,1.0,0.006761815882836415
v3g5job:483c5cc6a41aa0220ae4dca36dcfd6815469dce4807e6ca364d9f53f84f403d6,FAILED: Training fold is shorter than the registered rolling window.,,,
v3g5job:87154dd6c329d978ac35bae35016022ee5fb3741298043ac921c1617e723b2e0,SUCCESS,False,1.0,0.016280649134636012
v3g5job:2fd1fcd658977b284474e0b491d8b713f482b2e45697955bf427e7d5f5190b36,SUCCESS,False,1.0,0.008834470164106885
v3g5job:a03700ea7cb6fa0e768dcae5101e9b660504799e671bfb02fb90a1bf50433a1c,SUCCESS,False,1.0,0.007326043977274604
v3g5job:82f21ef5d4f29ebd878b214bf0a8661cac0463f90ce617fe6588f4d86402ca9c,SUCCESS,False,1.0,0.007154582923928377
v3g5job:9f343ffbe18029060b63b917b6661a6b281f9123085387a4b8c1dda1bd999bbe,FAILED: Training fold is shorter than the registered rolling window.,,,
v3g5job:99132650a10016eee964655bc3a93cead61cfbaa5dabbe26aab8bfbc7382ce5b,SUCCESS,False,1.0,0.016590228991253484
v3g5job:6b1c0265dbfe36c250c34a037db992ec790798c4b3417b05f332c2295916a3e8,SUCCESS,False,1.0,0.009465786729995616
v3g5job:06cfedae3f1564a80aa76144ee8dfcdeb1e499e76ebee87bf9d939657218560c,SUCCESS,False,1.0,0.007489353041021377
v3g5job:c1df0dde8f2ba0be2aefc426c83164d835d7110ae2cd6a9cfc6fd29f7a9f1464,SUCCESS,False,1.0,0.0072578334338519335
v3g5job:54b1be4f32e9ab96ff0844ae43dc3c36d63ce24b50413d4edf8a4676eb18f3b0,FAILED: Training fold is shorter than the registered rolling window.,,,
v3g5job:0fb9ed18ea4e4164e132ec66c14100ef8c02ca87aa986581063ed57c086bc662,SUCCESS,False,1.0,0.01694614170544556
v3g5job:c43febe457e632f588b92be319ebb8c20e01b3b46d674503859c17a312d837c9,SUCCESS,False,1.0,0.010106835687280987
v3g5job:1f641ec05644c1246f7186cc89469e8d5b1021c0d2538e5105cb45af01f041c8,SUCCESS,False,1.0,0.008144342874162708
v3g5job:4c838f072bd0e0c53e1aad7378e8c9586094c80ad202973832692a36c15d19a9,SUCCESS,False,1.0,0.007508094944203371
v3g5job:a472e7f78cf2dd73df20670a5bbe58b5c0cad85980df36b496912bf5e6842cc5,FAILED: Training fold is shorter than the registered rolling window.,,,
v3g5job:06e45e41d38b83fa81ce863c716ec7bf47ae0c347cbc0502cd5f458a936d008e,SUCCESS,False,1.0,0.016995060125714598
v3g5job:72521ae8cd2857d58fa601fe16ea2a8fde3190572a6af086f622865944113403,SUCCESS,False,1.0,0.009899574806088968
v3g5job:bfeaef000641d3451371756dbc934c948edc0ede430b2372767ed2d44a8f4946,SUCCESS,False,1.0,0.007807836727855102
v3g5job:26c5bfcd72b6174c95e7a7b19d9a0a1e1bde01abd011c3680f67fc4eea63d7d7,SUCCESS,False,1.0,0.007399025532043733
v3g5job:10ab5b281a8e4097b6a3b1dc8d52bc7d4169f2ecd3063d1a8b06e6373e945fa1,FAILED: Training fold is shorter than the registered rolling window.,,,
v3g5job:52533057d5b25c4d239939538135b74a13f0b5162cf0542870417deedbff6ad5,FAILED: Training fold is shorter than the registered rolling window.,,,
v3g5job:763ca2dd99246d810b3b5c4ca8e0e99b023f12011c35aaa9f502d167c6e1259e,FAILED: Training fold is shorter than the registered rolling window.,,,
v3g5job:fe2a7de9e955dfe840d967dc3bd1b8db00ce996efe71540f3b8da5add85b94e7,SUCCESS,False,1.0,0.006396021672505063
v3g5job:f978147fbbced996db7f93e4d653c0c1484be31d20c3a8dcb6dc0d82366d8563,SUCCESS,False,1.0,0.0064693291336392535
v3g5job:0d9cdf18417ad4c3d96f35ece7260581da8f661bc7a9c14fa9101b42a076029d,FAILED: Training fold is shorter than the registered rolling window.,,,
v3g5job:5980d536a078d72b4700441d8ecb4451278941195aec7a9589f9fbb14ca694fa,FAILED: Training fold is shorter than the registered rolling window.,,,
v3g5job:b29aa5de326a6a6b37a09e50c51291af0bc9c792dd7287629c8b779c1552c877,FAILED: Training fold is shorter than the registered rolling window.,,,
v3g5job:3a818cb44969f2888942789f2f7a0e539be288671abea4cc1159a994d533a170,SUCCESS,False,1.0,0.006260385768808018
v3g5job:f011c41d779872553771587d9068b2e88e7d4324f136c229a7a2655994c74e14,SUCCESS,False,1.0,0.006386966328594505
v3g5job:4582ae1c70b4cadc7d084ac0d1ba330a8f8e729eaac1f65d36ec7f3ea1587a78,FAILED: Training fold is shorter than the registered rolling window.,,,
v3g5job:68123252f8320b630caec830eca927d19877bc2b82d2d7c3dd52dc41a25aa666,FAILED: Training fold is shorter than the registered rolling window.,,,
v3g5job:fad9c7ff08eab708d7ab1a682878baa5a911efe1725251761dfd83e8648cad7f,FAILED: Training fold is shorter than the registered rolling window.,,,
v3g5job:f6703d674b9360fcebc197bd7f4a1dd6d7705911bae792087c0f3446e7e437db,SUCCESS,False,1.0,0.006489086110234983
v3g5job:59ef226198b540c036a078cd60356036531565003cdbb6e482fe584bb588fc38,SUCCESS,False,1.0,0.006502827289995334
v3g5job:6775112753fb3282baeb1c1d57f0d95d1fcaec76606d98592287dba27101566d,FAILED: Training fold is shorter than the registered rolling window.,,,
v3g5job:fcd5a316a32c142a95e846e4cef4817a27ff78c03d745b0ab532354b9e756bd6,FAILED: Training fold is shorter than the registered rolling window.,,,
v3g5job:022af125cd2364b2639d70cc9ade9c59922da634741d399aadd6b5305870cca5,FAILED: Training fold is shorter than the registered rolling window.,,,
v3g5job:e865199a2d2070d0300b37349f6bb04ab5368e46536fc5b611d35c13e3883e34,SUCCESS,False,1.0,0.006267828754151803
v3g5job:092745c0e3c9610f1adc1dd9337dd6fee85c02027b907696c9e2519c026a5e20,SUCCESS,False,1.0,0.006447680889556462
v3g5job:aead6029ccdccf4271a56e665d6fa52ebc421c655e68fb330545301b6fe3d6ba,FAILED: Dynamic regressor has insufficient training observations.,,,
v3g5job:884c097b255fcbd05fadd724b8f04277ebca3f219af8f442662033f3f843de73,SUCCESS,False,1.0,0.021377723071918087
v3g5job:73969a6461be8779cb10d9f9b18f275940f3ac930eb44d10115dd99c159b1770,SUCCESS,False,1.0,0.00967581065185613
v3g5job:f70d05ad0e5c63704fa861200331c49c51eb0ff9e3ddc05f0e53845548b4ad53,SUCCESS,False,1.0,0.006499719123277869
v3g5job:b6f48fb2703b43ee59d7e76bed0ee605e753ad09781a282c29ee1188b5b04a8d,SUCCESS,False,1.0,0.024124496503217303
v3g5job:cd969c62c7e17119dd965ec1eb902db73722bee3c9f5f7fb9c37386faecbaceb,FAILED: Dynamic regressor has insufficient training observations.,,,
v3g5job:0c519aa2b007232209a5a532dcbcc721eeb4466c375bc1fc2d97578ef763aa94,SUCCESS,False,1.0,0.024314395081869118
v3g5job:0dbe15272380c7e1dfda2ba5ce2430794e43bab0cdaced86fbb3ff3c664590ff,SUCCESS,False,1.0,0.01104668152335701
v3g5job:332b2a9b7f3f2d345e7048d7e3f8137e614ff01de5439b8b63066cd13bdb3340,SUCCESS,False,1.0,0.006444826846883507
v3g5job:427baf5f99a20b40a592afacfa29745b31103d38702a199aff031299b44bf2d7,SUCCESS,False,1.0,0.014186625104315707
v3g5job:9df0ae50854922c0254b3a17a8de16a2156fa2f6c8bfc2faa62f4198c9e33ab7,FAILED: Training fold is shorter than the registered rolling window.,,,
v3g5job:48f41e93ed76be6e6d0a460c3c97975a88385a722d430d2415d05117e36efe3a,SUCCESS,False,1.0,0.024203487671173998
v3g5job:c535a5ce0cd3d83cbde8ec5348ec470c88b8ac216755a25000f3b662b4bc0814,SUCCESS,False,1.0,0.011212468060123262
v3g5job:ef4e63b9ab8632be45cfed3e9ff8049d795e6cce16a1634b546ef6c659856b76,SUCCESS,False,1.0,0.006407577410706816
v3g5job:2e1f667ba4a5a8685f063c33f21faa1df33b8425e3c9f7153dce33ba08d45827,SUCCESS,False,1.0,0.01425607724354327
v3g5job:012389c572f96ee549d2ddc9e226c37fc967c7c5f8cd08fa6c44ad68f5d8f827,FAILED: Training fold is shorter than the registered rolling window.,,,
v3g5job:2b736bb8b3e3d3654f1a63b1166d05304012b18674b9d9f0dd0fe0a8ec91e0ef,SUCCESS,False,1.0,0.021392670740989436
v3g5job:a34865acb063e3aecb6d2f431b8f68eb55710e7b81fd410830c5719d4bf2e042,SUCCESS,False,1.0,0.010478313242571037
v3g5job:816c2fcfa6494d83e18bdb24c5b433c2aee881a7fbd9ad26f4dc6bdf68eb6b71,SUCCESS,False,1.0,0.007005262932555391
v3g5job:8e2f670e4bec7d25e686c1c8e483544e85d106a33203280ad3cc2aacbc049dad,SUCCESS,False,1.0,0.027756323966798762
v3g5job:025d6c7b84327ad440b57be0e8d86ebacb34bc29f97b4c40fba4152af7a6683a,FAILED: Training fold is shorter than the registered rolling window.,,,
v3g5job:ac30c9b93a3ecc603587ea936a6648028342961836dbb6ba6f5ce0e58f2ca7e6,FAILED: Training fold is shorter than the registered rolling window.,,,
v3g5job:0abc86f2e61d30da572b07408a6eeee1c34ea2aee6da304adc0aa965f24f6ee2,FAILED: Training fold is shorter than the registered rolling window.,,,
v3g5job:0bb2ab9a056a9a7186d629e028ca63bdb619b8c71774f483168a2dd872795bec,SUCCESS,False,1.0,0.006456354244146541
v3g5job:3556780323bf1ee8498b3301b7f5481cae6c4281846d2c086a6788a881c18bb7,SUCCESS,False,1.0,0.014376399079854368
v3g5job:bb6a9b29d2f8f15db22d997892be266b5c5feb02e2750076881afe4c743159ca,FAILED: Training fold is shorter than the registered rolling window.,,,
v3g5job:119326b20cec96d44f7ff3bf9afe65b577a4b1684ebf08599db50d110cc04ef8,FAILED: Training fold is shorter than the registered rolling window.,,,
v3g5job:b9e34b762250c387c1bddf82236814b89fd22ba75fb691defc04f282ebcb6901,FAILED: Training fold is shorter than the registered rolling window.,,,
v3g5job:3d7c48cf025dad24bb716748f26c906477563dff9209c3960e350a2c7d13209b,SUCCESS,False,1.0,0.006466670073495465
v3g5job:d0514b3cc6b3694a32dbbd0514bd2420d3b9d4a362ae0e48c23b01fbfc06020b,SUCCESS,False,1.0,0.02656245730142277
v3g5job:1cff37986d352e5dae37c36906bf72f817b47fcfdb2e31d336f57c5b2ef2f3a7,SUCCESS,False,1.0,0.021778075258349457
v3g5job:da2cf91ab0f085068a9652c5e6f945512ef2833c1ed987536102982812250ea5,SUCCESS,False,1.0,0.014834985503069937
v3g5job:8c2679b8c0fcdad57180b562b89e5ae45d0180e29561add50658c2254fe0bd86,SUCCESS,False,1.0,0.008002691197575766
v3g5job:463a32e2b4c7a589c31f5e9db883d3d2ab70d43878645f6ac217e27a7ed1fc18,SUCCESS,False,1.0,0.005951409393817071
v3g5job:18c9fdfb26da04777d1e7e60213f9897c778e5dd00bc08c0861056f2844f8f00,SUCCESS,False,1.0,0.006183462218401036
