Date,funding_rate
2021-01-01 00:00:00.002,0.00034491
2021-01-01 08:00:00.006,0.00061141
2021-01-01 16:00:00.003,0.00056803
2021-01-02 00:00:00.000,0.00025572
2021-01-02 08:00:00.000,0.00049233
2021-01-02 16:00:00.006,0.00109186
2021-01-03 00:00:00.018,0.00062004
2021-01-03 08:00:00.000,0.00074404
2021-01-03 16:00:00.002,0.00171498
2021-01-04 00:00:00.000,0.00295549
2021-01-04 08:00:00.000,0.00375
2021-01-04 16:00:00.000,0.00085432
2021-01-05 00:00:00.020,0.00102541
2021-01-05 08:00:00.003,0.0004305
2021-01-05 16:00:00.003,0.00102796
2021-01-06 00:00:00.010,0.0018218
2021-01-06 08:00:00.003,0.00222459
2021-01-06 16:00:00.000,0.00253317
2021-01-07 00:00:00.007,0.00114512
2021-01-07 08:00:00.000,0.00165953
2021-01-07 16:00:00.004,0.00176605
2021-01-08 00:00:00.000,0.00171757
2021-01-08 08:00:00.000,0.00077262
2021-01-08 16:00:00.000,0.00137534
2021-01-09 00:00:00.009,0.0006769
2021-01-09 08:00:00.004,0.00068612
2021-01-09 16:00:00.000,0.00156908
2021-01-10 00:00:00.000,0.00340522
2021-01-10 08:00:00.005,0.00202919
2021-01-10 16:00:00.000,0.00126049
2021-01-11 00:00:00.000,0.00177547
2021-01-11 08:00:00.012,0.0006624
2021-01-11 16:00:00.000,0.00039691
2021-01-12 00:00:00.000,0.0001
2021-01-12 08:00:00.000,0.00045084
2021-01-12 16:00:00.008,0.00058059
2021-01-13 00:00:00.001,0.00037339
2021-01-13 08:00:00.000,0.0001184
2021-01-13 16:00:00.003,0.00040496
2021-01-14 00:00:00.000,0.00054804
2021-01-14 08:00:00.012,0.0005229
2021-01-14 16:00:00.000,0.0007165
2021-01-15 00:00:00.002,0.00027278
2021-01-15 08:00:00.000,0.00055774
2021-01-15 16:00:00.004,0.00087472
2021-01-16 00:00:00.000,0.00014675
2021-01-16 08:00:00.008,0.00054404
2021-01-16 16:00:00.000,0.00152456
2021-01-17 00:00:00.009,0.00106467
2021-01-17 08:00:00.000,0.00050098
2021-01-17 16:00:00.001,0.00051088
2021-01-18 00:00:00.000,0.00109082
2021-01-18 08:00:00.004,0.00028606
2021-01-18 16:00:00.000,0.00109269
2021-01-19 00:00:00.000,0.00121462
2021-01-19 08:00:00.005,0.00197982
2021-01-19 16:00:00.012,0.00199604
2021-01-20 00:00:00.012,0.00153883
2021-01-20 08:00:00.001,0.00072796
2021-01-20 16:00:00.001,0.00048461
2021-01-21 00:00:00.000,0.00034937
2021-01-21 08:00:00.000,0.00065753
2021-01-21 16:00:00.004,0.00037547
2021-01-22 00:00:00.012,0.00020251
2021-01-22 08:00:00.003,0.00016737
2021-01-22 16:00:00.001,0.0001
2021-01-23 00:00:00.000,0.00015431
2021-01-23 08:00:00.002,0.00020659
2021-01-23 16:00:00.000,0.00028319
2021-01-24 00:00:00.001,0.00093097
2021-01-24 08:00:00.011,0.00058705
2021-01-24 16:00:00.005,0.00094274
2021-01-25 00:00:00.007,0.00050723
2021-01-25 08:00:00.012,0.00105754
2021-01-25 16:00:00.000,0.00093264
2021-01-26 00:00:00.007,0.00034093
2021-01-26 08:00:00.000,0.00031895
2021-01-26 16:00:00.000,0.0001
2021-01-27 00:00:00.000,0.00036342
2021-01-27 08:00:00.011,0.0001
2021-01-27 16:00:00.003,0.0001
2021-01-28 00:00:00.000,0.00014794
2021-01-28 08:00:00.000,0.0001
2021-01-28 16:00:00.000,0.00056884
2021-01-29 00:00:00.009,0.00112844
2021-01-29 08:00:00.000,0.00061388
2021-01-29 16:00:00.000,0.00241392
2021-01-30 00:00:00.000,0.00094051
2021-01-30 08:00:00.000,0.00037882
2021-01-30 16:00:00.000,0.00072777
2021-01-31 00:00:00.009,0.00115111
2021-01-31 08:00:00.000,0.00113497
2021-01-31 16:00:00.000,0.00072236
2021-02-01 00:00:00.001,0.00025014
2021-02-01 08:00:00.014,0.00055359
2021-02-01 16:00:00.000,0.00061764
2021-02-02 00:00:00.000,0.00050304
2021-02-02 08:00:00.006,0.00120708
2021-02-02 16:00:00.000,0.00165937
2021-02-03 00:00:00.009,0.00151935
2021-02-03 08:00:00.006,0.00155522
2021-02-03 16:00:00.006,0.00167923
2021-02-04 00:00:00.005,0.00146092
2021-02-04 08:00:00.000,0.00135459
2021-02-04 16:00:00.011,0.00145079
2021-02-05 00:00:00.009,0.00113736
2021-02-05 08:00:00.004,0.0017643
2021-02-05 16:00:00.000,0.00155465
2021-02-06 00:00:00.008,0.00117123
2021-02-06 08:00:00.009,0.00107002
2021-02-06 16:00:00.000,0.00143968
2021-02-07 00:00:00.000,0.00171115
2021-02-07 08:00:00.005,0.00051183
2021-02-07 16:00:00.001,0.00065683
2021-02-08 00:00:00.000,0.0001
2021-02-08 08:00:00.001,0.00039877
2021-02-08 16:00:00.000,0.00284408
2021-02-09 00:00:00.010,0.00227548
2021-02-09 08:00:00.006,0.00193315
2021-02-09 16:00:00.007,0.00143234
2021-02-10 00:00:00.009,0.00156788
2021-02-10 08:00:00.014,0.00218071
2021-02-10 16:00:00.005,0.00085146
2021-02-11 00:00:00.000,0.00071884
2021-02-11 08:00:00.000,0.00065956
2021-02-11 16:00:00.000,0.00180566
2021-02-12 00:00:00.000,0.00092117
2021-02-12 08:00:00.000,0.00050482
2021-02-12 16:00:00.000,0.00153886
2021-02-13 00:00:00.001,0.00228313
2021-02-13 08:00:00.003,0.00173035
2021-02-13 16:00:00.000,0.00094692
2021-02-14 00:00:00.013,0.00110785
2021-02-14 08:00:00.000,0.00176822
2021-02-14 16:00:00.008,0.0012426
2021-02-15 00:00:00.000,0.0007946
2021-02-15 08:00:00.006,0.00013827
2021-02-15 16:00:00.000,0.00081146
2021-02-16 00:00:00.001,0.00104485
2021-02-16 08:00:00.000,0.00112937
2021-02-16 16:00:00.010,0.00114441
2021-02-17 00:00:00.005,0.00092761
2021-02-17 08:00:00.010,0.00106083
2021-02-17 16:00:00.008,0.00232282
2021-02-18 00:00:00.012,0.0019495
2021-02-18 08:00:00.000,0.00202078
2021-02-18 16:00:00.009,0.00118984
2021-02-19 00:00:00.010,0.00082051
2021-02-19 08:00:00.002,0.00139773
2021-02-19 16:00:00.008,0.00169023
2021-02-20 00:00:00.000,0.00196264
2021-02-20 08:00:00.009,0.00189841
2021-02-20 16:00:00.000,0.0018588
2021-02-21 00:00:00.007,0.00051516
2021-02-21 08:00:00.012,0.0004355
2021-02-21 16:00:00.001,0.00107233
2021-02-22 00:00:00.006,0.00077647
2021-02-22 08:00:00.002,0.00047334
2021-02-22 16:00:00.000,0.00034567
2021-02-23 00:00:00.000,0.0001
2021-02-23 08:00:00.006,0.00026168
2021-02-23 16:00:00.000,0.0001
2021-02-24 00:00:00.012,0.00013438
2021-02-24 08:00:00.016,0.00039328
2021-02-24 16:00:00.011,0.00028758
2021-02-25 00:00:00.007,0.0004677
2021-02-25 08:00:00.000,0.00016178
2021-02-25 16:00:00.010,0.0001
2021-02-26 00:00:00.000,0.0001
2021-02-26 08:00:00.025,0.00014852
2021-02-26 16:00:00.010,0.00037736
2021-02-27 00:00:00.001,0.00018181
2021-02-27 08:00:00.000,0.0006196
2021-02-27 16:00:00.000,0.0001
2021-02-28 00:00:00.021,0.0001
2021-02-28 08:00:00.009,0.0001
2021-02-28 16:00:00.000,0.0001
2021-03-01 00:00:00.000,0.0001
2021-03-01 08:00:00.003,0.00033427
2021-03-01 16:00:00.001,0.00049119
2021-03-02 00:00:00.000,0.00049538
2021-03-02 08:00:00.000,0.00035713
2021-03-02 16:00:00.004,0.00039154
2021-03-03 00:00:00.000,0.0001
2021-03-03 08:00:00.016,0.0001
2021-03-03 16:00:00.000,0.00087091
2021-03-04 00:00:00.000,0.00047552
2021-03-04 08:00:00.015,0.00015927
2021-03-04 16:00:00.001,0.00033061
2021-03-05 00:00:00.000,0.00024885
2021-03-05 08:00:00.002,0.00022561
2021-03-05 16:00:00.008,0.0001
2021-03-06 00:00:00.000,0.00031476
2021-03-06 08:00:00.000,0.00057512
2021-03-06 16:00:00.000,0.00032891
2021-03-07 00:00:00.006,0.00066496
2021-03-07 08:00:00.005,0.00023263
2021-03-07 16:00:00.008,0.00056927
2021-03-08 00:00:00.000,0.00011144
2021-03-08 08:00:00.000,0.00045102
2021-03-08 16:00:00.006,0.00056057
2021-03-09 00:00:00.000,0.00014784
2021-03-09 08:00:00.000,0.00085203
2021-03-09 16:00:00.000,0.00101744
2021-03-10 00:00:00.009,0.00058485
2021-03-10 08:00:00.006,0.0005129
2021-03-10 16:00:00.008,0.00105856
2021-03-11 00:00:00.000,0.00079368
2021-03-11 08:00:00.000,0.00034874
2021-03-11 16:00:00.014,0.00080049
2021-03-12 00:00:00.002,0.00132622
2021-03-12 08:00:00.005,0.00072213
2021-03-12 16:00:00.011,0.00034512
2021-03-13 00:00:00.000,0.00030351
2021-03-13 08:00:00.002,0.00039972
2021-03-13 16:00:00.000,0.00155198
2021-03-14 00:00:00.011,0.00113056
2021-03-14 08:00:00.000,0.001048
2021-03-14 16:00:00.000,0.00113023
2021-03-15 00:00:00.012,0.00077413
2021-03-15 08:00:00.016,0.00081452
2021-03-15 16:00:00.030,0.00013021
2021-03-16 00:00:00.005,0.0001
2021-03-16 08:00:00.008,0.00045668
2021-03-16 16:00:00.012,0.00039653
2021-03-17 00:00:00.010,0.00064671
2021-03-17 08:00:00.000,0.00034812
2021-03-17 16:00:00.009,0.00031521
2021-03-18 00:00:00.001,0.00099682
2021-03-18 08:00:00.000,0.00067631
2021-03-18 16:00:00.000,0.00038027
2021-03-19 00:00:00.011,0.0001
2021-03-19 08:00:00.001,0.0001
2021-03-19 16:00:00.000,0.00037762
2021-03-20 00:00:00.000,0.00061811
2021-03-20 08:00:00.000,0.000511
2021-03-20 16:00:00.007,0.00102646
2021-03-21 00:00:00.000,0.00068264
2021-03-21 08:00:00.000,0.0001
2021-03-21 16:00:00.000,0.00019064
2021-03-22 00:00:00.007,0.00053821
2021-03-22 08:00:00.001,0.00042754
2021-03-22 16:00:00.000,0.00044797
2021-03-23 00:00:00.000,0.0001
2021-03-23 08:00:00.010,0.00019899
2021-03-23 16:00:00.023,0.0003309
2021-03-24 00:00:00.002,0.00050608
2021-03-24 08:00:00.000,0.00010655
2021-03-24 16:00:00.000,0.0004169
2021-03-25 00:00:00.000,0.0001
2021-03-25 08:00:00.000,0.0001
2021-03-25 16:00:00.000,0.00035938
2021-03-26 00:00:00.008,0.00042431
2021-03-26 08:00:00.000,0.0001
2021-03-26 16:00:00.012,0.0001
2021-03-27 00:00:00.018,0.0001
2021-03-27 08:00:00.000,0.00015922
2021-03-27 16:00:00.001,0.00034067
2021-03-28 00:00:00.000,0.00025751
2021-03-28 08:00:00.000,0.00029541
2021-03-28 16:00:00.005,0.00031424
2021-03-29 00:00:00.003,0.00022015
2021-03-29 08:00:00.000,0.00043803
2021-03-29 16:00:00.000,0.00084253
2021-03-30 00:00:00.018,0.00074011
2021-03-30 08:00:00.012,0.00056645
2021-03-30 16:00:00.001,0.00036654
2021-03-31 00:00:00.000,0.00076506
2021-03-31 08:00:00.000,0.0010713
2021-03-31 16:00:00.000,0.00038554
2021-04-01 00:00:00.025,0.00156864
2021-04-01 08:00:00.011,0.00109222
2021-04-01 16:00:00.004,0.00064672
2021-04-02 00:00:00.000,0.00050452
2021-04-02 08:00:00.000,0.00121799
2021-04-02 16:00:00.000,0.00116568
2021-04-03 00:00:00.003,0.00082856
2021-04-03 08:00:00.000,0.00143194
2021-04-03 16:00:00.000,0.00086456
2021-04-04 00:00:00.000,0.00060523
2021-04-04 08:00:00.000,0.00106146
2021-04-04 16:00:00.016,0.00038114
2021-04-05 00:00:00.000,0.00072788
2021-04-05 08:00:00.001,0.00074688
2021-04-05 16:00:00.001,0.00085226
2021-04-06 00:00:00.010,0.00161366
2021-04-06 08:00:00.000,0.00064189
2021-04-06 16:00:00.003,0.00061542
2021-04-07 00:00:00.000,0.00049128
2021-04-07 08:00:00.006,0.00069613
2021-04-07 16:00:00.004,0.00032907
2021-04-08 00:00:00.013,0.00021468
2021-04-08 08:00:00.003,0.00026979
2021-04-08 16:00:00.005,0.00031551
2021-04-09 00:00:00.000,0.00038906
2021-04-09 08:00:00.004,0.00043318
2021-04-09 16:00:00.004,0.00064034
2021-04-10 00:00:00.011,0.0001
2021-04-10 08:00:00.005,0.00209663
2021-04-10 16:00:00.000,0.00120257
2021-04-11 00:00:00.004,0.00055892
2021-04-11 08:00:00.000,0.00086343
2021-04-11 16:00:00.000,0.00091114
2021-04-12 00:00:00.001,0.00099657
2021-04-12 08:00:00.001,0.00164512
2021-04-12 16:00:00.008,0.00067862
2021-04-13 00:00:00.003,0.00047138
2021-04-13 08:00:00.008,0.00117821
2021-04-13 16:00:00.008,0.00167603
2021-04-14 00:00:00.008,0.00152762
2021-04-14 08:00:00.000,0.00203587
2021-04-14 16:00:00.012,0.00095658
2021-04-15 00:00:00.006,0.00113562
2021-04-15 08:00:00.000,0.00110097
2021-04-15 16:00:00.008,0.00104862
2021-04-16 00:00:00.008,0.00146805
2021-04-16 08:00:00.000,0.00135711
2021-04-16 16:00:00.002,0.0010812
2021-04-17 00:00:00.008,0.00076639
2021-04-17 08:00:00.000,0.0009833
2021-04-17 16:00:00.001,0.00063599
2021-04-18 00:00:00.006,0.00052118
2021-04-18 08:00:00.004,0.00022241
2021-04-18 16:00:00.000,0.00044396
2021-04-19 00:00:00.000,0.0001
2021-04-19 08:00:00.000,0.0001
2021-04-19 16:00:00.009,0.0005192
2021-04-20 00:00:00.004,0.0001
2021-04-20 08:00:00.000,0.00021279
2021-04-20 16:00:00.001,0.0001
2021-04-21 00:00:00.013,0.0001
2021-04-21 08:00:00.001,0.0001
2021-04-21 16:00:00.002,0.0001
2021-04-22 00:00:00.000,0.00023315
2021-04-22 08:00:00.000,0.00011151
2021-04-22 16:00:00.001,0.0001
2021-04-23 00:00:00.002,0.0003898
2021-04-23 08:00:00.009,0.00041263
2021-04-23 16:00:00.001,0.0001
2021-04-24 00:00:00.019,0.00010335
2021-04-24 08:00:00.001,0.00030056
2021-04-24 16:00:00.011,0.0001
2021-04-25 00:00:00.000,0.0001
2021-04-25 08:00:00.010,0.0001
2021-04-25 16:00:00.000,0.0001
2021-04-26 00:00:00.003,0.0001
2021-04-26 08:00:00.002,0.0001
2021-04-26 16:00:00.004,0.0001
2021-04-27 00:00:00.000,0.0001
2021-04-27 08:00:00.000,0.0001
2021-04-27 16:00:00.009,0.00040663
2021-04-28 00:00:00.000,0.00034144
2021-04-28 08:00:00.000,0.00019211
2021-04-28 16:00:00.001,0.0001
2021-04-29 00:00:00.004,0.0001
2021-04-29 08:00:00.013,0.0001
2021-04-29 16:00:00.003,0.0001
2021-04-30 00:00:00.004,0.00014665
2021-04-30 08:00:00.019,0.00011668
2021-04-30 16:00:00.003,0.00051157
2021-05-01 00:00:00.002,0.0001
2021-05-01 08:00:00.006,0.00035155
2021-05-01 16:00:00.000,0.00012262
2021-05-02 00:00:00.010,0.00023451
2021-05-02 08:00:00.011,0.00039722
2021-05-02 16:00:00.007,0.0001
2021-05-03 00:00:00.003,0.0001
2021-05-03 08:00:00.000,0.0001
2021-05-03 16:00:00.043,0.00061627
2021-05-04 00:00:00.004,0.00031687
2021-05-04 08:00:00.003,0.00070707
2021-05-04 16:00:00.011,0.00071637
2021-05-05 00:00:00.001,0.00038408
2021-05-05 08:00:00.007,0.00078274
2021-05-05 16:00:00.001,0.00087977
2021-05-06 00:00:00.003,0.00068239
2021-05-06 08:00:00.001,0.00066648
2021-05-06 16:00:00.000,0.00110886
2021-05-07 00:00:00.000,0.00026032
2021-05-07 08:00:00.000,0.00049147
2021-05-07 16:00:00.001,0.00038025
2021-05-08 00:00:00.006,0.00047199
2021-05-08 08:00:00.000,0.00070136
2021-05-08 16:00:00.000,0.00030149
2021-05-09 00:00:00.005,0.00058991
2021-05-09 08:00:00.016,0.00041522
2021-05-09 16:00:00.000,0.00054148
2021-05-10 00:00:00.004,0.00068787
2021-05-10 08:00:00.000,0.0006638
2021-05-10 16:00:00.013,0.00075749
2021-05-11 00:00:00.000,0.00041169
2021-05-11 08:00:00.000,0.00043204
2021-05-11 16:00:00.002,0.00029649
2021-05-12 00:00:00.004,0.0001
2021-05-12 08:00:00.007,0.00047462
2021-05-12 16:00:00.012,0.00054381
2021-05-13 00:00:00.016,0.00040983
2021-05-13 08:00:00.000,0.00014687
2021-05-13 16:00:00.008,0.0001
2021-05-14 00:00:00.007,0.0001
2021-05-14 08:00:00.001,0.0001
2021-05-14 16:00:00.004,0.0001
2021-05-15 00:00:00.022,0.00038785
2021-05-15 08:00:00.014,0.00052101
2021-05-15 16:00:00.002,0.00046056
2021-05-16 00:00:00.000,0.00030702
2021-05-16 08:00:00.003,0.00013134
2021-05-16 16:00:00.002,0.00018829
2021-05-17 00:00:00.005,0.00015608
2021-05-17 08:00:00.001,0.000335
2021-05-17 16:00:00.000,0.0007001
2021-05-18 00:00:00.019,0.00018459
2021-05-18 08:00:00.001,0.0001
2021-05-18 16:00:00.006,0.0006146
2021-05-19 00:00:00.000,0.0001
2021-05-19 08:00:00.003,0.00053311
2021-05-19 16:00:00.018,-0.00356332
2021-05-20 00:00:00.005,0.00011828
2021-05-20 08:00:00.000,0.0001
2021-05-20 16:00:00.005,0.0001
2021-05-21 00:00:00.000,0.0001
2021-05-21 08:00:00.000,0.0001
2021-05-21 16:00:00.001,0.0001
2021-05-22 00:00:00.001,0.0001
2021-05-22 08:00:00.002,0.0001
2021-05-22 16:00:00.005,0.0001
2021-05-23 00:00:00.006,0.0001
2021-05-23 08:00:00.004,0.0001
2021-05-23 16:00:00.002,0.0001
2021-05-24 00:00:00.007,0.0001
2021-05-24 08:00:00.005,0.0001
2021-05-24 16:00:00.005,0.0001
2021-05-25 00:00:00.000,0.0001
2021-05-25 08:00:00.014,0.0001
2021-05-25 16:00:00.000,0.0001
2021-05-26 00:00:00.022,0.0001
2021-05-26 08:00:00.018,0.0001
2021-05-26 16:00:00.004,0.0001
2021-05-27 00:00:00.000,0.0001
2021-05-27 08:00:00.017,0.0001
2021-05-27 16:00:00.000,0.0001
2021-05-28 00:00:00.005,0.0001
2021-05-28 08:00:00.009,0.0001
2021-05-28 16:00:00.000,0.0001
2021-05-29 00:00:00.006,0.0001
2021-05-29 08:00:00.000,0.0001
2021-05-29 16:00:00.000,0.0001
2021-05-30 00:00:00.003,0.0001
2021-05-30 08:00:00.004,0.0001
2021-05-30 16:00:00.018,0.0001
2021-05-31 00:00:00.002,0.0001
2021-05-31 08:00:00.000,0.0001
2021-05-31 16:00:00.000,0.0001
2021-06-01 00:00:00.001,0.0001
2021-06-01 08:00:00.010,0.0001
2021-06-01 16:00:00.010,0.0001
2021-06-02 00:00:00.008,0.0001
2021-06-02 08:00:00.000,0.0001
2021-06-02 16:00:00.007,0.0001
2021-06-03 00:00:00.019,0.0001
2021-06-03 08:00:00.002,0.0001
2021-06-03 16:00:00.003,0.0001
2021-06-04 00:00:00.003,0.0001
2021-06-04 08:00:00.006,0.0001
2021-06-04 16:00:00.002,0.0001
2021-06-05 00:00:00.000,0.0001
2021-06-05 08:00:00.004,0.0001
2021-06-05 16:00:00.020,0.0001
2021-06-06 00:00:00.000,0.0001
2021-06-06 08:00:00.004,0.0001
2021-06-06 16:00:00.000,0.0001
2021-06-07 00:00:00.007,0.0001
2021-06-07 08:00:00.007,0.0001
2021-06-07 16:00:00.003,0.0001
2021-06-08 00:00:00.000,0.0001
2021-06-08 08:00:00.000,0.0001
2021-06-08 16:00:00.002,0.0001
2021-06-09 00:00:00.009,0.0001
2021-06-09 08:00:00.002,0.0001
2021-06-09 16:00:00.000,0.0001
2021-06-10 00:00:00.007,0.0001
2021-06-10 08:00:00.003,0.0001
2021-06-10 16:00:00.000,0.0001
2021-06-11 00:00:00.010,0.0001
2021-06-11 08:00:00.007,0.0001
2021-06-11 16:00:00.006,8.683e-05
2021-06-12 00:00:00.005,0.0001
2021-06-12 08:00:00.000,0.0001
2021-06-12 16:00:00.018,0.0001
2021-06-13 00:00:00.002,0.0001
2021-06-13 08:00:00.000,0.0001
2021-06-13 16:00:00.003,0.0001
2021-06-14 00:00:00.000,0.0001
2021-06-14 08:00:00.015,0.0001
2021-06-14 16:00:00.000,3.785e-05
2021-06-15 00:00:00.000,0.0001
2021-06-15 08:00:00.000,0.0001
2021-06-15 16:00:00.004,0.0001
2021-06-16 00:00:00.004,0.0001
2021-06-16 08:00:00.001,0.0001
2021-06-16 16:00:00.000,0.0001
2021-06-17 00:00:00.004,0.0001
2021-06-17 08:00:00.000,0.0001
2021-06-17 16:00:00.002,0.0001
2021-06-18 00:00:00.009,-5.78e-06
2021-06-18 08:00:00.014,9.549e-05
2021-06-18 16:00:00.007,0.0001
2021-06-19 00:00:00.003,-0.00018201
2021-06-19 08:00:00.001,-1.78e-06
2021-06-19 16:00:00.000,0.0001
2021-06-20 00:00:00.005,4.657e-05
2021-06-20 08:00:00.000,7.41e-06
2021-06-20 16:00:00.002,-0.00024432
2021-06-21 00:00:00.019,4.439e-05
2021-06-21 08:00:00.000,-7.382e-05
2021-06-21 16:00:00.024,-7.303e-05
2021-06-22 00:00:00.008,0.0001
2021-06-22 08:00:00.009,4.434e-05
2021-06-22 16:00:00.001,-7.59e-06
2021-06-23 00:00:00.003,4.046e-05
2021-06-23 08:00:00.000,-9.115e-05
2021-06-23 16:00:00.000,-6.683e-05
2021-06-24 00:00:00.009,-4.432e-05
2021-06-24 08:00:00.018,0.0001
2021-06-24 16:00:00.001,0.0001
2021-06-25 00:00:00.009,0.0001
2021-06-25 08:00:00.004,0.0001
2021-06-25 16:00:00.000,7.207e-05
2021-06-26 00:00:00.007,4.234e-05
2021-06-26 08:00:00.000,-5.794e-05
2021-06-26 16:00:00.002,-0.00014961
2021-06-27 00:00:00.005,-6.018e-05
2021-06-27 08:00:00.010,-0.00027281
2021-06-27 16:00:00.001,-0.00013791
2021-06-28 00:00:00.025,-4.311e-05
2021-06-28 08:00:00.017,0.0001
2021-06-28 16:00:00.007,-2.358e-05
2021-06-29 00:00:00.008,8.669e-05
2021-06-29 08:00:00.000,6.012e-05
2021-06-29 16:00:00.000,-0.00011947
2021-06-30 00:00:00.011,0.0001
2021-06-30 08:00:00.044,0.0001
2021-06-30 16:00:00.005,0.0001
2021-07-01 00:00:00.000,0.0001
2021-07-01 08:00:00.004,0.0001
2021-07-01 16:00:00.028,4.853e-05
2021-07-02 00:00:00.002,-9.5e-07
2021-07-02 08:00:00.016,-2.734e-05
2021-07-02 16:00:00.007,-0.00014398
2021-07-03 00:00:00.008,7.139e-05
2021-07-03 08:00:00.000,2.925e-05
2021-07-03 16:00:00.004,-3.943e-05
2021-07-04 00:00:00.012,0.0001
2021-07-04 08:00:00.002,0.0001
2021-07-04 16:00:00.003,0.0001
2021-07-05 00:00:00.004,2.596e-05
2021-07-05 08:00:00.000,0.0001
2021-07-05 16:00:00.009,7.226e-05
2021-07-06 00:00:00.008,2.925e-05
2021-07-06 08:00:00.019,-3.935e-05
2021-07-06 16:00:00.000,9.559e-05
2021-07-07 00:00:00.007,3.679e-05
2021-07-07 08:00:00.001,9.363e-05
2021-07-07 16:00:00.008,0.0001
2021-07-08 00:00:00.002,-1.075e-05
2021-07-08 08:00:00.010,8.639e-05
2021-07-08 16:00:00.003,0.0001
2021-07-09 00:00:00.000,0.0001
2021-07-09 08:00:00.006,2.471e-05
2021-07-09 16:00:00.000,0.0001
2021-07-10 00:00:00.002,0.0001
2021-07-10 08:00:00.000,0.0001
2021-07-10 16:00:00.001,0.0001
2021-07-11 00:00:00.001,0.0001
2021-07-11 08:00:00.025,0.0001
2021-07-11 16:00:00.006,0.0001
2021-07-12 00:00:00.000,0.0001
2021-07-12 08:00:00.021,0.0001
2021-07-12 16:00:00.000,0.0001
2021-07-13 00:00:00.000,0.0001
2021-07-13 08:00:00.013,-1.436e-05
2021-07-13 16:00:00.005,0.0001
2021-07-14 00:00:00.000,0.0001
2021-07-14 08:00:00.000,0.0001
2021-07-14 16:00:00.005,-1.55e-05
2021-07-15 00:00:00.005,5.808e-05
2021-07-15 08:00:00.001,0.0001
2021-07-15 16:00:00.000,9.847e-05
2021-07-16 00:00:00.000,0.0001
2021-07-16 08:00:00.000,0.0001
2021-07-16 16:00:00.001,6.785e-05
2021-07-17 00:00:00.004,0.0001
2021-07-17 08:00:00.009,0.0001
2021-07-17 16:00:00.006,5.313e-05
2021-07-18 00:00:00.000,0.0001
2021-07-18 08:00:00.001,0.0001
2021-07-18 16:00:00.003,0.0001
2021-07-19 00:00:00.002,1.98e-06
2021-07-19 08:00:00.006,6.91e-06
2021-07-19 16:00:00.006,3.1e-06
2021-07-20 00:00:00.002,-2.156e-05
2021-07-20 08:00:00.011,-0.00041611
2021-07-20 16:00:00.001,-5.126e-05
2021-07-21 00:00:00.022,1.65e-06
2021-07-21 08:00:00.000,-0.00025489
2021-07-21 16:00:00.018,-0.00028858
2021-07-22 00:00:00.002,0.0001
2021-07-22 08:00:00.006,0.0001
2021-07-22 16:00:00.010,0.0001
2021-07-23 00:00:00.013,8.643e-05
2021-07-23 08:00:00.000,0.0001
2021-07-23 16:00:00.005,0.0001
2021-07-24 00:00:00.000,0.0001
2021-07-24 08:00:00.002,0.0001
2021-07-24 16:00:00.001,-2.614e-05
2021-07-25 00:00:00.003,-1.521e-05
2021-07-25 08:00:00.015,4.969e-05
2021-07-25 16:00:00.000,0.0001
2021-07-26 00:00:00.000,0.0001
2021-07-26 08:00:00.000,0.0001
2021-07-26 16:00:00.000,0.0001
2021-07-27 00:00:00.046,0.0001
2021-07-27 08:00:00.014,0.0001
2021-07-27 16:00:00.007,0.0001
2021-07-28 00:00:00.000,0.0001
2021-07-28 08:00:00.002,0.0001
2021-07-28 16:00:00.005,5.618e-05
2021-07-29 00:00:00.004,5.723e-05
2021-07-29 08:00:00.000,0.0001
2021-07-29 16:00:00.007,0.0001
2021-07-30 00:00:00.004,0.0001
2021-07-30 08:00:00.000,0.0001
2021-07-30 16:00:00.000,0.0001
2021-07-31 00:00:00.000,0.0001
2021-07-31 08:00:00.014,0.0001
2021-07-31 16:00:00.003,0.0001
2021-08-01 00:00:00.005,0.0001
2021-08-01 08:00:00.016,0.0001
2021-08-01 16:00:00.001,0.0001
2021-08-02 00:00:00.000,0.0001
2021-08-02 08:00:00.014,0.0001
2021-08-02 16:00:00.021,0.0001
2021-08-03 00:00:00.000,0.0001
2021-08-03 08:00:00.000,0.0001
2021-08-03 16:00:00.009,7.59e-06
2021-08-04 00:00:00.000,2.73e-06
2021-08-04 08:00:00.000,0.0001
2021-08-04 16:00:00.003,9.39e-05
2021-08-05 00:00:00.000,0.0001
2021-08-05 08:00:00.000,0.0001
2021-08-05 16:00:00.001,0.0001
2021-08-06 00:00:00.000,0.0001
2021-08-06 08:00:00.004,0.0001
2021-08-06 16:00:00.003,0.0001
2021-08-07 00:00:00.015,0.0001
2021-08-07 08:00:00.001,0.0001
2021-08-07 16:00:00.002,0.00018202
2021-08-08 00:00:00.000,0.00013627
2021-08-08 08:00:00.002,0.0001
2021-08-08 16:00:00.018,0.0001
2021-08-09 00:00:00.000,0.00014093
2021-08-09 08:00:00.000,0.00021302
2021-08-09 16:00:00.002,0.0001
2021-08-10 00:00:00.000,0.00045734
2021-08-10 08:00:00.003,0.0001
2021-08-10 16:00:00.000,0.0001
2021-08-11 00:00:00.006,0.00043227
2021-08-11 08:00:00.003,0.00025633
2021-08-11 16:00:00.000,0.0001
2021-08-12 00:00:00.013,0.0001
2021-08-12 08:00:00.001,0.0001371
2021-08-12 16:00:00.000,0.00018477
2021-08-13 00:00:00.000,0.0001
2021-08-13 08:00:00.000,0.0001
2021-08-13 16:00:00.002,0.00042196
2021-08-14 00:00:00.006,0.0001
2021-08-14 08:00:00.000,0.00025028
2021-08-14 16:00:00.000,0.00051663
2021-08-15 00:00:00.003,0.00037689
2021-08-15 08:00:00.000,0.00015074
2021-08-15 16:00:00.007,0.0001
2021-08-16 00:00:00.012,0.00025793
2021-08-16 08:00:00.003,0.0001
2021-08-16 16:00:00.010,0.0001
2021-08-17 00:00:00.018,0.0001
2021-08-17 08:00:00.015,0.0001
2021-08-17 16:00:00.006,0.0001
2021-08-18 00:00:00.000,0.0001
2021-08-18 08:00:00.000,0.0001
2021-08-18 16:00:00.011,0.0001
2021-08-19 00:00:00.000,0.0001
2021-08-19 08:00:00.014,0.0001
2021-08-19 16:00:00.000,0.0001
2021-08-20 00:00:00.000,0.00023469
2021-08-20 08:00:00.001,0.00015342
2021-08-20 16:00:00.001,0.00036239
2021-08-21 00:00:00.005,0.0001
2021-08-21 08:00:00.001,0.0001
2021-08-21 16:00:00.000,0.00036746
2021-08-22 00:00:00.005,0.0002266
2021-08-22 08:00:00.007,0.00018006
2021-08-22 16:00:00.002,0.0001
2021-08-23 00:00:00.003,0.0001
2021-08-23 08:00:00.005,0.00113675
2021-08-23 16:00:00.002,0.00035008
2021-08-24 00:00:00.006,0.00032752
2021-08-24 08:00:00.004,0.00030158
2021-08-24 16:00:00.000,0.00056014
2021-08-25 00:00:00.015,0.00019472
2021-08-25 08:00:00.000,0.00016989
2021-08-25 16:00:00.000,0.0001
2021-08-26 00:00:00.001,0.0001
2021-08-26 08:00:00.016,0.0001
2021-08-26 16:00:00.004,0.0001
2021-08-27 00:00:00.013,0.0001
2021-08-27 08:00:00.001,0.0001
2021-08-27 16:00:00.004,0.0001
2021-08-28 00:00:00.000,0.0001
2021-08-28 08:00:00.000,0.00014426
2021-08-28 16:00:00.000,0.00011073
2021-08-29 00:00:00.000,0.00016779
2021-08-29 08:00:00.002,0.0001
2021-08-29 16:00:00.005,0.0001
2021-08-30 00:00:00.013,0.0001
2021-08-30 08:00:00.008,0.0001
2021-08-30 16:00:00.000,0.0001
2021-08-31 00:00:00.000,0.0001
2021-08-31 08:00:00.007,0.0001
2021-08-31 16:00:00.003,0.00020707
2021-09-01 00:00:00.000,0.0001
2021-09-01 08:00:00.006,0.0001
2021-09-01 16:00:00.000,0.0001
2021-09-02 00:00:00.009,0.00025742
2021-09-02 08:00:00.006,0.00079808
2021-09-02 16:00:00.007,0.0002889
2021-09-03 00:00:00.011,0.00027417
2021-09-03 08:00:00.000,0.00037778
2021-09-03 16:00:00.002,0.00065309
2021-09-04 00:00:00.003,0.00076883
2021-09-04 08:00:00.008,0.0007142
2021-09-04 16:00:00.009,0.0007567
2021-09-05 00:00:00.002,0.00070354
2021-09-05 08:00:00.002,0.00058378
2021-09-05 16:00:00.000,0.00080725
2021-09-06 00:00:00.003,0.00085353
2021-09-06 08:00:00.008,0.00041269
2021-09-06 16:00:00.009,0.00044698
2021-09-07 00:00:00.004,0.00058234
2021-09-07 08:00:00.002,0.00066382
2021-09-07 16:00:00.001,0.0001
2021-09-08 00:00:00.005,0.0001
2021-09-08 08:00:00.000,0.0001
2021-09-08 16:00:00.000,0.0001
2021-09-09 00:00:00.006,0.0001
2021-09-09 08:00:00.014,0.0001
2021-09-09 16:00:00.002,0.0001
2021-09-10 00:00:00.001,0.0001
2021-09-10 08:00:00.018,0.0001
2021-09-10 16:00:00.006,0.0001
2021-09-11 00:00:00.000,0.0001
2021-09-11 08:00:00.001,0.0001
2021-09-11 16:00:00.000,0.0001
2021-09-12 00:00:00.000,0.0001
2021-09-12 08:00:00.002,0.0001
2021-09-12 16:00:00.000,0.0001
2021-09-13 00:00:00.000,0.0001
2021-09-13 08:00:00.007,0.0001
2021-09-13 16:00:00.005,0.0001
2021-09-14 00:00:00.002,0.0001
2021-09-14 08:00:00.000,0.0001
2021-09-14 16:00:00.007,0.0001
2021-09-15 00:00:00.012,0.0001
2021-09-15 08:00:00.003,0.0001
2021-09-15 16:00:00.006,0.0001
2021-09-16 00:00:00.008,0.0001
2021-09-16 08:00:00.005,0.0001
2021-09-16 16:00:00.002,0.0001
2021-09-17 00:00:00.000,0.0001
2021-09-17 08:00:00.047,0.0001
2021-09-17 16:00:00.013,0.0001
2021-09-18 00:00:00.000,0.0001
2021-09-18 08:00:00.010,0.0001
2021-09-18 16:00:00.005,0.0001
2021-09-19 00:00:00.006,0.0001
2021-09-19 08:00:00.015,0.0001
2021-09-19 16:00:00.007,0.0001
2021-09-20 00:00:00.018,0.0001
2021-09-20 08:00:00.000,0.0001
2021-09-20 16:00:00.005,0.0001
2021-09-21 00:00:00.005,0.0001
2021-09-21 08:00:00.007,0.0001
2021-09-21 16:00:00.000,0.0001
2021-09-22 00:00:00.005,0.0001
2021-09-22 08:00:00.006,0.0001
2021-09-22 16:00:00.000,0.0001
2021-09-23 00:00:00.003,0.0001
2021-09-23 08:00:00.000,0.0001
2021-09-23 16:00:00.007,0.0001
2021-09-24 00:00:00.000,5.5e-07
2021-09-24 08:00:00.017,8.75e-06
2021-09-24 16:00:00.000,-0.0001122
2021-09-25 00:00:00.007,-7.48e-06
2021-09-25 08:00:00.002,-1.988e-05
2021-09-25 16:00:00.004,3.479e-05
2021-09-26 00:00:00.013,0.0001
2021-09-26 08:00:00.000,2.634e-05
2021-09-26 16:00:00.005,2.827e-05
2021-09-27 00:00:00.000,0.0001
2021-09-27 08:00:00.001,0.0001
2021-09-27 16:00:00.000,0.0001
2021-09-28 00:00:00.000,-8.56e-06
2021-09-28 08:00:00.014,2.806e-05
2021-09-28 16:00:00.000,1.524e-05
2021-09-29 00:00:00.000,-8.501e-05
2021-09-29 08:00:00.002,-2.112e-05
2021-09-29 16:00:00.000,0.0001
2021-09-30 00:00:00.000,-0.00012951
2021-09-30 08:00:00.004,0.0001
2021-09-30 16:00:00.005,0.0001
2021-10-01 00:00:00.012,4.598e-05
2021-10-01 08:00:00.008,2.073e-05
2021-10-01 16:00:00.000,0.0001
2021-10-02 00:00:00.000,0.0001
2021-10-02 08:00:00.002,0.0001
2021-10-02 16:00:00.011,0.0001
2021-10-03 00:00:00.019,0.0001
2021-10-03 08:00:00.011,0.0001
2021-10-03 16:00:00.004,0.0001
2021-10-04 00:00:00.004,0.0001
2021-10-04 08:00:00.000,0.0001
2021-10-04 16:00:00.000,0.0001
2021-10-05 00:00:00.007,0.0001
2021-10-05 08:00:00.007,0.0001
2021-10-05 16:00:00.004,0.0001
2021-10-06 00:00:00.002,0.0001
2021-10-06 08:00:00.000,0.0001
2021-10-06 16:00:00.003,0.00014323
2021-10-07 00:00:00.007,0.00031991
2021-10-07 08:00:00.002,0.00019601
2021-10-07 16:00:00.000,0.00024648
2021-10-08 00:00:00.011,0.00018942
2021-10-08 08:00:00.003,0.0001
2021-10-08 16:00:00.002,0.00026363
2021-10-09 00:00:00.006,0.0001
2021-10-09 08:00:00.003,0.0001
2021-10-09 16:00:00.000,0.0001
2021-10-10 00:00:00.000,0.0001
2021-10-10 08:00:00.008,0.0001
2021-10-10 16:00:00.000,0.0001
2021-10-11 00:00:00.002,0.0001
2021-10-11 08:00:00.001,0.0001
2021-10-11 16:00:00.006,0.0003307
2021-10-12 00:00:00.008,0.0001
2021-10-12 08:00:00.013,0.0001
2021-10-12 16:00:00.003,0.0001
2021-10-13 00:00:00.003,0.0001
2021-10-13 08:00:00.015,0.0001
2021-10-13 16:00:00.000,0.0001
2021-10-14 00:00:00.011,0.00018908
2021-10-14 08:00:00.017,0.00028381
2021-10-14 16:00:00.000,0.00032142
2021-10-15 00:00:00.005,0.00041315
2021-10-15 08:00:00.002,0.00039194
2021-10-15 16:00:00.005,0.00023043
2021-10-16 00:00:00.009,0.00031365
2021-10-16 08:00:00.000,0.00024049
2021-10-16 16:00:00.003,0.00052591
2021-10-17 00:00:00.001,0.00033305
2021-10-17 08:00:00.002,0.00037505
2021-10-17 16:00:00.002,0.00053706
2021-10-18 00:00:00.006,0.00023924
2021-10-18 08:00:00.004,0.0003827
2021-10-18 16:00:00.001,0.0001968
2021-10-19 00:00:00.002,0.00036846
2021-10-19 08:00:00.000,0.00035703
2021-10-19 16:00:00.000,0.00020322
2021-10-20 00:00:00.017,0.00030103
2021-10-20 08:00:00.004,0.00022709
2021-10-20 16:00:00.020,0.00072515
2021-10-21 00:00:00.000,0.00050619
2021-10-21 08:00:00.000,0.00051537
2021-10-21 16:00:00.008,0.00080402
2021-10-22 00:00:00.005,0.00035282
2021-10-22 08:00:00.005,0.00034276
2021-10-22 16:00:00.018,0.00032256
2021-10-23 00:00:00.005,0.00023902
2021-10-23 08:00:00.001,0.00015138
2021-10-23 16:00:00.004,0.00024606
2021-10-24 00:00:00.006,0.00018961
2021-10-24 08:00:00.012,0.00046408
2021-10-24 16:00:00.001,0.00039289
2021-10-25 00:00:00.012,0.00019298
2021-10-25 08:00:00.002,0.00047527
2021-10-25 16:00:00.022,0.00048823
2021-10-26 00:00:00.005,0.00039142
2021-10-26 08:00:00.016,0.00037012
2021-10-26 16:00:00.000,0.00043832
2021-10-27 00:00:00.004,0.00030844
2021-10-27 08:00:00.000,0.00059665
2021-10-27 16:00:00.002,0.00012399
2021-10-28 00:00:00.002,0.00019556
2021-10-28 08:00:00.000,0.0001
2021-10-28 16:00:00.005,0.0001
2021-10-29 00:00:00.000,0.00025971
2021-10-29 08:00:00.007,0.00040402
2021-10-29 16:00:00.001,0.00037311
2021-10-30 00:00:00.000,0.00013087
2021-10-30 08:00:00.001,0.00046654
2021-10-30 16:00:00.013,0.00024213
2021-10-31 00:00:00.008,0.00013682
2021-10-31 08:00:00.010,0.0001
2021-10-31 16:00:00.001,0.00021779
2021-11-01 00:00:00.009,0.00024088
2021-11-01 08:00:00.014,0.00013798
2021-11-01 16:00:00.001,0.00026687
2021-11-02 00:00:00.000,0.00020736
2021-11-02 08:00:00.007,0.00045079
2021-11-02 16:00:00.010,0.00052167
2021-11-03 00:00:00.019,0.0001
2021-11-03 08:00:00.000,0.00044614
2021-11-03 16:00:00.005,0.00025564
2021-11-04 00:00:00.006,0.00047967
2021-11-04 08:00:00.004,0.0003137
2021-11-04 16:00:00.004,0.00028111
2021-11-05 00:00:00.000,0.0002238
2021-11-05 08:00:00.013,0.00014351
2021-11-05 16:00:00.016,0.00033389
2021-11-06 00:00:00.010,0.00040376
2021-11-06 08:00:00.000,0.00043015
2021-11-06 16:00:00.007,0.0001
2021-11-07 00:00:00.013,0.00023166
2021-11-07 08:00:00.005,0.00018519
2021-11-07 16:00:00.004,0.00032259
2021-11-08 00:00:00.001,0.00021005
2021-11-08 08:00:00.000,0.00028714
2021-11-08 16:00:00.000,0.00023
2021-11-09 00:00:00.000,0.0001
2021-11-09 08:00:00.014,0.0001
2021-11-09 16:00:00.001,0.0001
2021-11-10 00:00:00.000,0.00021036
2021-11-10 08:00:00.003,0.00020446
2021-11-10 16:00:00.001,0.00027928
2021-11-11 00:00:00.008,0.0001722
2021-11-11 08:00:00.012,0.00015754
2021-11-11 16:00:00.007,0.0001
2021-11-12 00:00:00.000,0.0001
2021-11-12 08:00:00.000,0.0001
2021-11-12 16:00:00.004,0.0001
2021-11-13 00:00:00.000,0.0001
2021-11-13 08:00:00.004,0.0001
2021-11-13 16:00:00.006,0.0001
2021-11-14 00:00:00.010,0.0001
2021-11-14 08:00:00.001,0.0001
2021-11-14 16:00:00.000,0.0001
2021-11-15 00:00:00.008,0.00023003
2021-11-15 08:00:00.000,0.0002453
2021-11-15 16:00:00.000,0.0001
2021-11-16 00:00:00.000,0.00015753
2021-11-16 08:00:00.001,0.0001
2021-11-16 16:00:00.018,0.0001
2021-11-17 00:00:00.005,0.0001
2021-11-17 08:00:00.007,0.0001
2021-11-17 16:00:00.003,0.0001
2021-11-18 00:00:00.017,0.0001
2021-11-18 08:00:00.007,0.0001
2021-11-18 16:00:00.011,0.0001
2021-11-19 00:00:00.000,0.0001
2021-11-19 08:00:00.000,0.0001
2021-11-19 16:00:00.005,0.0001
2021-11-20 00:00:00.012,0.0001
2021-11-20 08:00:00.000,0.0001
2021-11-20 16:00:00.007,0.0001
2021-11-21 00:00:00.000,0.0001
2021-11-21 08:00:00.006,0.0001
2021-11-21 16:00:00.000,0.0001
2021-11-22 00:00:00.004,0.0001
2021-11-22 08:00:00.000,0.0001
2021-11-22 16:00:00.000,0.0001
2021-11-23 00:00:00.004,0.0001
2021-11-23 08:00:00.010,0.0001
2021-11-23 16:00:00.005,0.0001
2021-11-24 00:00:00.001,0.0001
2021-11-24 08:00:00.003,0.0001
2021-11-24 16:00:00.010,0.0001
2021-11-25 00:00:00.000,0.0001
2021-11-25 08:00:00.010,0.0001
2021-11-25 16:00:00.000,0.00035137
2021-11-26 00:00:00.000,0.00026113
2021-11-26 08:00:00.000,0.00027132
2021-11-26 16:00:00.016,0.0001
2021-11-27 00:00:00.005,0.0001
2021-11-27 08:00:00.008,0.0001
2021-11-27 16:00:00.007,0.0001
2021-11-28 00:00:00.018,0.0001
2021-11-28 08:00:00.000,0.0001
2021-11-28 16:00:00.004,0.0001
2021-11-29 00:00:00.002,0.0001
2021-11-29 08:00:00.004,0.0001
2021-11-29 16:00:00.000,0.0001
2021-11-30 00:00:00.000,0.0001
2021-11-30 08:00:00.006,0.0001
2021-11-30 16:00:00.000,0.00019202
2021-12-01 00:00:00.000,0.0001625
2021-12-01 08:00:00.000,0.0001
2021-12-01 16:00:00.001,0.0001
2021-12-02 00:00:00.000,0.0001
2021-12-02 08:00:00.007,0.0001
2021-12-02 16:00:00.008,0.0001
2021-12-03 00:00:00.004,0.00012562
2021-12-03 08:00:00.002,0.0001
2021-12-03 16:00:00.006,0.0001
2021-12-04 00:00:00.006,0.0001
2021-12-04 08:00:00.004,6.583e-05
2021-12-04 16:00:00.000,0.0001
2021-12-05 00:00:00.003,0.0001
2021-12-05 08:00:00.008,0.0001
2021-12-05 16:00:00.007,0.0001
2021-12-06 00:00:00.009,0.0001
2021-12-06 08:00:00.001,0.0001
2021-12-06 16:00:00.000,0.0001
2021-12-07 00:00:00.018,0.0001
2021-12-07 08:00:00.000,7.06e-05
2021-12-07 16:00:00.000,0.0001
2021-12-08 00:00:00.000,0.0001
2021-12-08 08:00:00.018,0.0001
2021-12-08 16:00:00.010,0.0001
2021-12-09 00:00:00.010,0.0001
2021-12-09 08:00:00.000,0.0001
2021-12-09 16:00:00.000,0.0001
2021-12-10 00:00:00.000,0.0001
2021-12-10 08:00:00.008,0.0001
2021-12-10 16:00:00.012,-1.037e-05
2021-12-11 00:00:00.009,0.0001
2021-12-11 08:00:00.008,0.0001
2021-12-11 16:00:00.000,8.719e-05
2021-12-12 00:00:00.001,0.0001
2021-12-12 08:00:00.015,0.0001
2021-12-12 16:00:00.011,0.0001
2021-12-13 00:00:00.006,0.0001
2021-12-13 08:00:00.019,-5.974e-05
2021-12-13 16:00:00.000,4.163e-05
2021-12-14 00:00:00.004,-5.267e-05
2021-12-14 08:00:00.000,0.0001
2021-12-14 16:00:00.015,0.0001
2021-12-15 00:00:00.000,0.0001
2021-12-15 08:00:00.008,0.0001
2021-12-15 16:00:00.005,0.0001
2021-12-16 00:00:00.006,0.0001
2021-12-16 08:00:00.009,0.0001
2021-12-16 16:00:00.000,3.234e-05
2021-12-17 00:00:00.000,0.0001
2021-12-17 08:00:00.005,0.0001
2021-12-17 16:00:00.006,0.0001
2021-12-18 00:00:00.014,0.0001
2021-12-18 08:00:00.012,5.422e-05
2021-12-18 16:00:00.000,0.0001
2021-12-19 00:00:00.031,4.353e-05
2021-12-19 08:00:00.000,0.0001
2021-12-19 16:00:00.003,0.0001
2021-12-20 00:00:00.015,0.0001
2021-12-20 08:00:00.007,0.0001
2021-12-20 16:00:00.005,0.0001
2021-12-21 00:00:00.003,0.0001
2021-12-21 08:00:00.012,0.0001
2021-12-21 16:00:00.005,0.0001
2021-12-22 00:00:00.000,0.0001
2021-12-22 08:00:00.001,0.0001
2021-12-22 16:00:00.006,0.0001
2021-12-23 00:00:00.011,0.0001
2021-12-23 08:00:00.000,0.0001
2021-12-23 16:00:00.000,3.383e-05
2021-12-24 00:00:00.005,0.0001
2021-12-24 08:00:00.000,0.0001
2021-12-24 16:00:00.011,0.0001
2021-12-25 00:00:00.000,0.0001
2021-12-25 08:00:00.001,0.0001
2021-12-25 16:00:00.005,0.0001
2021-12-26 00:00:00.004,0.0001
2021-12-26 08:00:00.002,0.0001
2021-12-26 16:00:00.000,0.0001
2021-12-27 00:00:00.002,0.0001
2021-12-27 08:00:00.005,0.0001
2021-12-27 16:00:00.000,0.0001
2021-12-28 00:00:00.000,0.0001
2021-12-28 08:00:00.012,2.254e-05
2021-12-28 16:00:00.000,4.226e-05
2021-12-29 00:00:00.006,8.064e-05
2021-12-29 08:00:00.003,0.0001
2021-12-29 16:00:00.004,6.859e-05
2021-12-30 00:00:00.003,9.232e-05
2021-12-30 08:00:00.001,-7.64e-06
2021-12-30 16:00:00.017,0.0001
2021-12-31 00:00:00.006,6.849e-05
2021-12-31 08:00:00.009,9.72e-06
2021-12-31 16:00:00.000,0.0001
2022-01-01 00:00:00.006,0.0001
2022-01-01 08:00:00.009,0.0001
2022-01-01 16:00:00.000,0.0001
2022-01-02 00:00:00.028,3.876e-05
2022-01-02 08:00:00.000,2.263e-05
2022-01-02 16:00:00.000,6.714e-05
2022-01-03 00:00:00.010,6.973e-05
2022-01-03 08:00:00.013,5.084e-05
2022-01-03 16:00:00.018,7.394e-05
2022-01-04 00:00:00.000,0.0001
2022-01-04 08:00:00.010,0.0001
2022-01-04 16:00:00.002,0.0001
2022-01-05 00:00:00.001,0.0001
2022-01-05 08:00:00.017,0.0001
2022-01-05 16:00:00.000,0.0001
2022-01-06 00:00:00.002,5.376e-05
2022-01-06 08:00:00.021,0.0001
2022-01-06 16:00:00.006,4.332e-05
2022-01-07 00:00:00.005,1.935e-05
2022-01-07 08:00:00.000,0.0001
2022-01-07 16:00:00.001,0.0001
2022-01-08 00:00:00.014,0.0001
2022-01-08 08:00:00.013,0.0001
2022-01-08 16:00:00.000,0.0001
2022-01-09 00:00:00.003,0.0001
2022-01-09 08:00:00.000,-7.234e-05
2022-01-09 16:00:00.000,5.47e-05
2022-01-10 00:00:00.000,-0.00014593
2022-01-10 08:00:00.010,-6.361e-05
2022-01-10 16:00:00.007,1.599e-05
2022-01-11 00:00:00.013,0.0001
2022-01-11 08:00:00.004,6.198e-05
2022-01-11 16:00:00.000,2.718e-05
2022-01-12 00:00:00.012,-6.878e-05
2022-01-12 08:00:00.015,8.036e-05
2022-01-12 16:00:00.000,-0.00019812
2022-01-13 00:00:00.007,-2.315e-05
2022-01-13 08:00:00.000,0.0001
2022-01-13 16:00:00.014,-1.444e-05
2022-01-14 00:00:00.000,0.0001
2022-01-14 08:00:00.006,0.0001
2022-01-14 16:00:00.014,-1.294e-05
2022-01-15 00:00:00.000,9.632e-05
2022-01-15 08:00:00.002,0.0001
2022-01-15 16:00:00.000,0.0001
2022-01-16 00:00:00.000,2.224e-05
2022-01-16 08:00:00.017,9.785e-05
2022-01-16 16:00:00.011,8.585e-05
2022-01-17 00:00:00.005,2.683e-05
2022-01-17 08:00:00.006,4.25e-05
2022-01-17 16:00:00.012,-5.944e-05
2022-01-18 00:00:00.020,7.549e-05
2022-01-18 08:00:00.000,3.626e-05
2022-01-18 16:00:00.013,0.0001
2022-01-19 00:00:00.001,0.0001
2022-01-19 08:00:00.000,-1.72e-05
2022-01-19 16:00:00.000,0.0001
2022-01-20 00:00:00.015,0.0001
2022-01-20 08:00:00.000,0.0001
2022-01-20 16:00:00.000,0.0001
2022-01-21 00:00:00.007,-8.05e-06
2022-01-21 08:00:00.015,-5.915e-05
2022-01-21 16:00:00.000,8.447e-05
2022-01-22 00:00:00.017,7.145e-05
2022-01-22 08:00:00.003,0.0001
2022-01-22 16:00:00.021,9.327e-05
2022-01-23 00:00:00.026,0.0001
2022-01-23 08:00:00.010,-5.208e-05
2022-01-23 16:00:00.009,-0.0001332
2022-01-24 00:00:00.010,0.0001
2022-01-24 08:00:00.000,-0.00011775
2022-01-24 16:00:00.021,0.0001
2022-01-25 00:00:00.000,1.695e-05
2022-01-25 08:00:00.000,5.831e-05
2022-01-25 16:00:00.012,-7.88e-05
2022-01-26 00:00:00.000,-4.048e-05
2022-01-26 08:00:00.001,-7.941e-05
2022-01-26 16:00:00.005,-0.00020069
2022-01-27 00:00:00.004,-8.756e-05
2022-01-27 08:00:00.004,2.801e-05
2022-01-27 16:00:00.019,-0.00014218
2022-01-28 00:00:00.000,-8.132e-05
2022-01-28 08:00:00.000,-2.97e-06
2022-01-28 16:00:00.025,-8.379e-05
2022-01-29 00:00:00.017,-8.5e-06
2022-01-29 08:00:00.000,0.0001
2022-01-29 16:00:00.013,-9.97e-06
2022-01-30 00:00:00.025,2.848e-05
2022-01-30 08:00:00.009,-6.536e-05
2022-01-30 16:00:00.000,2.989e-05
2022-01-31 00:00:00.000,5.139e-05
2022-01-31 08:00:00.000,-0.00010687
2022-01-31 16:00:00.000,-1.151e-05
2022-02-01 00:00:00.010,0.0001
2022-02-01 08:00:00.000,-0.00010276
2022-02-01 16:00:00.004,-0.00020797
2022-02-02 00:00:00.004,-6.256e-05
2022-02-02 08:00:00.000,-1.7e-07
2022-02-02 16:00:00.002,4.07e-06
2022-02-03 00:00:00.002,-0.00038034
2022-02-03 08:00:00.000,-5.85e-05
2022-02-03 16:00:00.000,-7.881e-05
2022-02-04 00:00:00.018,0.0001
2022-02-04 08:00:00.005,8.786e-05
2022-02-04 16:00:00.010,0.0001
2022-02-05 00:00:00.014,0.0001
2022-02-05 08:00:00.000,7.456e-05
2022-02-05 16:00:00.000,4.351e-05
2022-02-06 00:00:00.000,0.0001
2022-02-06 08:00:00.000,0.0001
2022-02-06 16:00:00.000,0.0001
2022-02-07 00:00:00.003,-7.25e-06
2022-02-07 08:00:00.014,8.15e-05
2022-02-07 16:00:00.003,1.491e-05
2022-02-08 00:00:00.001,0.0001
2022-02-08 08:00:00.003,1.62e-05
2022-02-08 16:00:00.002,7.718e-05
2022-02-09 00:00:00.000,0.0001
2022-02-09 08:00:00.005,-1.62e-06
2022-02-09 16:00:00.001,7.116e-05
2022-02-10 00:00:00.012,-2.777e-05
2022-02-10 08:00:00.000,-3.259e-05
2022-02-10 16:00:00.006,1.908e-05
2022-02-11 00:00:00.000,-0.00011327
2022-02-11 08:00:00.009,0.0001
2022-02-11 16:00:00.015,-4.783e-05
2022-02-12 00:00:00.020,0.0001
2022-02-12 08:00:00.001,0.0001
2022-02-12 16:00:00.007,0.0001
2022-02-13 00:00:00.022,1.665e-05
2022-02-13 08:00:00.001,6.235e-05
2022-02-13 16:00:00.007,-2.875e-05
2022-02-14 00:00:00.005,9.155e-05
2022-02-14 08:00:00.013,6.358e-05
2022-02-14 16:00:00.019,0.0001
2022-02-15 00:00:00.012,7.379e-05
2022-02-15 08:00:00.005,4.572e-05
2022-02-15 16:00:00.011,-5.099e-05
2022-02-16 00:00:00.009,0.0001
2022-02-16 08:00:00.001,0.0001
2022-02-16 16:00:00.014,0.0001
2022-02-17 00:00:00.018,0.0001
2022-02-17 08:00:00.000,1.611e-05
2022-02-17 16:00:00.010,4.771e-05
2022-02-18 00:00:00.000,-3.865e-05
2022-02-18 08:00:00.002,-9.187e-05
2022-02-18 16:00:00.000,3.508e-05
2022-02-19 00:00:00.007,0.0001
2022-02-19 08:00:00.000,7.039e-05
2022-02-19 16:00:00.023,4.883e-05
2022-02-20 00:00:00.001,-3.349e-05
2022-02-20 08:00:00.003,5.414e-05
2022-02-20 16:00:00.001,3.264e-05
2022-02-21 00:00:00.000,7.012e-05
2022-02-21 08:00:00.001,-0.00014003
2022-02-21 16:00:00.005,7.007e-05
2022-02-22 00:00:00.005,8.65e-06
2022-02-22 08:00:00.000,-3.63e-05
2022-02-22 16:00:00.000,5.962e-05
2022-02-23 00:00:00.002,9.188e-05
2022-02-23 08:00:00.005,-3.926e-05
2022-02-23 16:00:00.010,-3.644e-05
2022-02-24 00:00:00.008,-1.113e-05
2022-02-24 08:00:00.003,-3.56e-05
2022-02-24 16:00:00.001,-6.14e-05
2022-02-25 00:00:00.000,0.0001
2022-02-25 08:00:00.006,0.0001
2022-02-25 16:00:00.001,0.0001
2022-02-26 00:00:00.004,0.0001
2022-02-26 08:00:00.004,0.0001
2022-02-26 16:00:00.007,0.0001
2022-02-27 00:00:00.012,0.0001
2022-02-27 08:00:00.000,5.07e-06
2022-02-27 16:00:00.000,0.0001
2022-02-28 00:00:00.000,-0.00015064
2022-02-28 08:00:00.001,-9.02e-05
2022-02-28 16:00:00.002,5.573e-05
2022-03-01 00:00:00.002,0.0001
2022-03-01 08:00:00.001,0.0001
2022-03-01 16:00:00.000,0.0001
2022-03-02 00:00:00.000,0.0001
2022-03-02 08:00:00.000,0.0001
2022-03-02 16:00:00.002,0.0001
2022-03-03 00:00:00.000,0.0001
2022-03-03 08:00:00.000,0.0001
2022-03-03 16:00:00.005,0.0001
2022-03-04 00:00:00.018,0.0001
2022-03-04 08:00:00.000,0.0001
2022-03-04 16:00:00.000,0.0001
2022-03-05 00:00:00.006,5.192e-05
2022-03-05 08:00:00.004,1.52e-05
2022-03-05 16:00:00.000,3.064e-05
2022-03-06 00:00:00.004,-8.875e-05
2022-03-06 08:00:00.000,5.669e-05
2022-03-06 16:00:00.013,7.5e-05
2022-03-07 00:00:00.008,3.909e-05
2022-03-07 08:00:00.006,-1e-05
2022-03-07 16:00:00.000,8.669e-05
2022-03-08 00:00:00.008,-0.00010024
2022-03-08 08:00:00.002,0.0001
2022-03-08 16:00:00.000,0.0001
2022-03-09 00:00:00.008,6.224e-05
2022-03-09 08:00:00.000,0.0001
2022-03-09 16:00:00.004,0.0001
2022-03-10 00:00:00.000,0.0001
2022-03-10 08:00:00.017,5.56e-05
2022-03-10 16:00:00.000,-3.951e-05
2022-03-11 00:00:00.008,2.542e-05
2022-03-11 08:00:00.000,-5.91e-05
2022-03-11 16:00:00.001,8.211e-05
2022-03-12 00:00:00.010,0.0001
2022-03-12 08:00:00.001,5.025e-05
2022-03-12 16:00:00.002,6.255e-05
2022-03-13 00:00:00.008,2.116e-05
2022-03-13 08:00:00.000,0.0001
2022-03-13 16:00:00.002,-2.698e-05
2022-03-14 00:00:00.014,-0.00010352
2022-03-14 08:00:00.005,0.0001
2022-03-14 16:00:00.002,0.0001
2022-03-15 00:00:00.008,0.0001
2022-03-15 08:00:00.000,-3.21e-06
2022-03-15 16:00:00.006,-4.856e-05
2022-03-16 00:00:00.013,0.0001
2022-03-16 08:00:00.000,9.131e-05
2022-03-16 16:00:00.008,5.316e-05
2022-03-17 00:00:00.004,0.0001
2022-03-17 08:00:00.000,0.0001
2022-03-17 16:00:00.004,0.0001
2022-03-18 00:00:00.000,0.0001
2022-03-18 08:00:00.000,4.709e-05
2022-03-18 16:00:00.017,5.917e-05
2022-03-19 00:00:00.008,0.0001
2022-03-19 08:00:00.015,0.0001
2022-03-19 16:00:00.000,0.0001
2022-03-20 00:00:00.000,0.0001
2022-03-20 08:00:00.001,0.0001
2022-03-20 16:00:00.002,0.0001
2022-03-21 00:00:00.013,0.0001
2022-03-21 08:00:00.004,0.0001
2022-03-21 16:00:00.010,0.0001
2022-03-22 00:00:00.012,0.0001
2022-03-22 08:00:00.001,0.0001
2022-03-22 16:00:00.022,0.0001
2022-03-23 00:00:00.007,0.0001
2022-03-23 08:00:00.000,8.504e-05
2022-03-23 16:00:00.006,-3.582e-05
2022-03-24 00:00:00.013,-1.813e-05
2022-03-24 08:00:00.006,0.0001
2022-03-24 16:00:00.020,0.0001
2022-03-25 00:00:00.010,0.0001
2022-03-25 08:00:00.001,0.0001
2022-03-25 16:00:00.014,0.0001
2022-03-26 00:00:00.020,0.0001
2022-03-26 08:00:00.006,4.979e-05
2022-03-26 16:00:00.000,0.0001
2022-03-27 00:00:00.004,7.576e-05
2022-03-27 08:00:00.001,7.27e-06
2022-03-27 16:00:00.006,-1.708e-05
2022-03-28 00:00:00.012,0.0001
2022-03-28 08:00:00.007,0.0001
2022-03-28 16:00:00.000,0.0001
2022-03-29 00:00:00.000,0.0001
2022-03-29 08:00:00.015,0.0001
2022-03-29 16:00:00.000,8.269e-05
2022-03-30 00:00:00.000,0.0001
2022-03-30 08:00:00.002,0.0001
2022-03-30 16:00:00.028,0.0001
2022-03-31 00:00:00.017,0.0001
2022-03-31 08:00:00.000,0.0001
2022-03-31 16:00:00.015,0.0001
2022-04-01 00:00:00.000,0.0001
2022-04-01 08:00:00.000,0.0001
2022-04-01 16:00:00.018,0.0001
2022-04-02 00:00:00.000,0.0001
2022-04-02 08:00:00.002,0.0001
2022-04-02 16:00:00.006,0.0001
2022-04-03 00:00:00.018,0.0001
2022-04-03 08:00:00.018,0.0001
2022-04-03 16:00:00.015,0.0001
2022-04-04 00:00:00.006,0.0001
2022-04-04 08:00:00.000,2.896e-05
2022-04-04 16:00:00.016,0.0001
2022-04-05 00:00:00.000,0.0001
2022-04-05 08:00:00.010,0.0001
2022-04-05 16:00:00.008,7.974e-05
2022-04-06 00:00:00.001,9.47e-05
2022-04-06 08:00:00.021,-0.00014471
2022-04-06 16:00:00.000,6.028e-05
2022-04-07 00:00:00.009,8.854e-05
2022-04-07 08:00:00.000,-9.945e-05
2022-04-07 16:00:00.000,4.585e-05
2022-04-08 00:00:00.000,-9.963e-05
2022-04-08 08:00:00.004,-3.214e-05
2022-04-08 16:00:00.008,0.0001
2022-04-09 00:00:00.008,0.0001
2022-04-09 08:00:00.000,0.0001
2022-04-09 16:00:00.001,0.0001
2022-04-10 00:00:00.004,0.0001
2022-04-10 08:00:00.007,0.0001
2022-04-10 16:00:00.016,5.98e-05
2022-04-11 00:00:00.000,4.676e-05
2022-04-11 08:00:00.000,0.0001
2022-04-11 16:00:00.009,0.0001
2022-04-12 00:00:00.000,-3.306e-05
2022-04-12 08:00:00.006,-4.036e-05
2022-04-12 16:00:00.013,-0.00016064
2022-04-13 00:00:00.005,-2.262e-05
2022-04-13 08:00:00.008,-0.00016876
2022-04-13 16:00:00.013,3.222e-05
2022-04-14 00:00:00.007,-2.2e-05
2022-04-14 08:00:00.000,5.593e-05
2022-04-14 16:00:00.006,-3.051e-05
2022-04-15 00:00:00.008,-0.00012221
2022-04-15 08:00:00.002,-3.677e-05
2022-04-15 16:00:00.000,-3.34e-06
2022-04-16 00:00:00.011,-2.9e-05
2022-04-16 08:00:00.007,-0.00012314
2022-04-16 16:00:00.007,-3.323e-05
2022-04-17 00:00:00.000,2.48e-05
2022-04-17 08:00:00.004,-6.458e-05
2022-04-17 16:00:00.000,2.937e-05
2022-04-18 00:00:00.008,-5.257e-05
2022-04-18 08:00:00.012,-4.41e-05
2022-04-18 16:00:00.000,-0.00013169
2022-04-19 00:00:00.021,8.478e-05
2022-04-19 08:00:00.031,3.976e-05
2022-04-19 16:00:00.000,2.251e-05
2022-04-20 00:00:00.025,0.0001
2022-04-20 08:00:00.003,6.595e-05
2022-04-20 16:00:00.000,-1.05e-06
2022-04-21 00:00:00.000,-9.577e-05
2022-04-21 08:00:00.000,-0.00012991
2022-04-21 16:00:00.024,-9.56e-06
2022-04-22 00:00:00.008,-0.00011914
2022-04-22 08:00:00.008,-0.00017158
2022-04-22 16:00:00.008,-2.649e-05
2022-04-23 00:00:00.000,3.778e-05
2022-04-23 08:00:00.000,-0.00010115
2022-04-23 16:00:00.012,-8.574e-05
2022-04-24 00:00:00.004,-9.091e-05
2022-04-24 08:00:00.003,-5.652e-05
2022-04-24 16:00:00.000,3.41e-06
2022-04-25 00:00:00.008,3.21e-06
2022-04-25 08:00:00.018,-8.588e-05
2022-04-25 16:00:00.000,-0.00024996
2022-04-26 00:00:00.014,0.0001
2022-04-26 08:00:00.000,0.0001
2022-04-26 16:00:00.017,4.991e-05
2022-04-27 00:00:00.012,-0.00014242
2022-04-27 08:00:00.000,-0.0002569
2022-04-27 16:00:00.002,2.591e-05
2022-04-28 00:00:00.000,-1.675e-05
2022-04-28 08:00:00.004,-5.776e-05
2022-04-28 16:00:00.030,0.0001
2022-04-29 00:00:00.000,0.0001
2022-04-29 08:00:00.016,0.0001
2022-04-29 16:00:00.010,4.578e-05
2022-04-30 00:00:00.000,-8.896e-05
2022-04-30 08:00:00.005,-5.202e-05
2022-04-30 16:00:00.015,-5.736e-05
2022-05-01 00:00:00.000,-7.153e-05
2022-05-01 08:00:00.000,-0.00016213
2022-05-01 16:00:00.010,-4.432e-05
2022-05-02 00:00:00.018,4.92e-05
2022-05-02 08:00:00.007,-7.704e-05
2022-05-02 16:00:00.000,-2.36e-06
2022-05-03 00:00:00.006,8.762e-05
2022-05-03 08:00:00.000,6.446e-05
2022-05-03 16:00:00.021,8.725e-05
2022-05-04 00:00:00.007,9.221e-05
2022-05-04 08:00:00.011,0.0001
2022-05-04 16:00:00.000,0.0001
2022-05-05 00:00:00.005,0.0001
2022-05-05 08:00:00.019,0.0001
2022-05-05 16:00:00.005,0.0001
2022-05-06 00:00:00.005,-5.032e-05
2022-05-06 08:00:00.001,-4.64e-05
2022-05-06 16:00:00.010,-2.46e-06
2022-05-07 00:00:00.004,5.836e-05
2022-05-07 08:00:00.016,0.0001
2022-05-07 16:00:00.011,7.282e-05
2022-05-08 00:00:00.000,9.867e-05
2022-05-08 08:00:00.007,0.0001
2022-05-08 16:00:00.015,0.0001
2022-05-09 00:00:00.000,0.0001
2022-05-09 08:00:00.001,9.424e-05
2022-05-09 16:00:00.000,9.769e-05
2022-05-10 00:00:00.000,9.833e-05
2022-05-10 08:00:00.007,6.098e-05
2022-05-10 16:00:00.008,0.0001
2022-05-11 00:00:00.004,7.598e-05
2022-05-11 08:00:00.007,0.0001
2022-05-11 16:00:00.008,7.639e-05
2022-05-12 00:00:00.014,-0.00018602
2022-05-12 08:00:00.000,-0.00079682
2022-05-12 16:00:00.007,-0.00028645
2022-05-13 00:00:00.014,-9.107e-05
2022-05-13 08:00:00.001,-0.00016008
2022-05-13 16:00:00.000,-2.742e-05
2022-05-14 00:00:00.000,5.029e-05
2022-05-14 08:00:00.000,9.124e-05
2022-05-14 16:00:00.001,6.884e-05
2022-05-15 00:00:00.000,0.0001
2022-05-15 08:00:00.000,7.136e-05
2022-05-15 16:00:00.000,7.168e-05
2022-05-16 00:00:00.021,0.0001
2022-05-16 08:00:00.013,0.0001
2022-05-16 16:00:00.006,-3.34e-06
2022-05-17 00:00:00.000,1.965e-05
2022-05-17 08:00:00.010,-0.00010278
2022-05-17 16:00:00.023,8.48e-06
2022-05-18 00:00:00.003,7.107e-05
2022-05-18 08:00:00.024,-1.537e-05
2022-05-18 16:00:00.014,-7.218e-05
2022-05-19 00:00:00.000,-5.373e-05
2022-05-19 08:00:00.008,4.9e-06
2022-05-19 16:00:00.015,3.757e-05
2022-05-20 00:00:00.001,0.0001
2022-05-20 08:00:00.003,0.0001
2022-05-20 16:00:00.012,6.647e-05
2022-05-21 00:00:00.008,9.991e-05
2022-05-21 08:00:00.001,-2.669e-05
2022-05-21 16:00:00.007,-3.6e-06
2022-05-22 00:00:00.003,4.308e-05
2022-05-22 08:00:00.016,5.296e-05
2022-05-22 16:00:00.000,0.0001
2022-05-23 00:00:00.011,0.0001
2022-05-23 08:00:00.000,0.0001
2022-05-23 16:00:00.023,0.0001
2022-05-24 00:00:00.011,-7.86e-05
2022-05-24 08:00:00.000,-4.871e-05
2022-05-24 16:00:00.009,-4.04e-05
2022-05-25 00:00:00.001,1.228e-05
2022-05-25 08:00:00.000,0.0001
2022-05-25 16:00:00.015,6.424e-05
2022-05-26 00:00:00.005,0.0001
2022-05-26 08:00:00.001,3.287e-05
2022-05-26 16:00:00.000,-0.00014343
2022-05-27 00:00:00.007,0.0001
2022-05-27 08:00:00.008,-1.53e-06
2022-05-27 16:00:00.000,5.35e-05
2022-05-28 00:00:00.018,0.0001
2022-05-28 08:00:00.016,6.376e-05
2022-05-28 16:00:00.013,3.132e-05
2022-05-29 00:00:00.000,0.0001
2022-05-29 08:00:00.025,1.764e-05
2022-05-29 16:00:00.002,1.83e-05
2022-05-30 00:00:00.000,6.492e-05
2022-05-30 08:00:00.013,1.622e-05
2022-05-30 16:00:00.005,0.0001
2022-05-31 00:00:00.016,7.761e-05
2022-05-31 08:00:00.000,0.0001
2022-05-31 16:00:00.000,0.0001
2022-06-01 00:00:00.000,0.0001
2022-06-01 08:00:00.011,0.0001
2022-06-01 16:00:00.000,0.0001
2022-06-02 00:00:00.000,-8.505e-05
2022-06-02 08:00:00.006,4.628e-05
2022-06-02 16:00:00.021,3.599e-05
2022-06-03 00:00:00.016,5.262e-05
2022-06-03 08:00:00.016,0.0001
2022-06-03 16:00:00.012,2.737e-05
2022-06-04 00:00:00.005,0.0001
2022-06-04 08:00:00.000,0.0001
2022-06-04 16:00:00.007,3e-05
2022-06-05 00:00:00.005,3.407e-05
2022-06-05 08:00:00.015,5.246e-05
2022-06-05 16:00:00.000,5.865e-05
2022-06-06 00:00:00.000,0.0001
2022-06-06 08:00:00.017,9.597e-05
2022-06-06 16:00:00.000,0.0001
2022-06-07 00:00:00.000,0.0001
2022-06-07 08:00:00.011,-3.071e-05
2022-06-07 16:00:00.000,1.156e-05
2022-06-08 00:00:00.008,0.0001
2022-06-08 08:00:00.020,7.041e-05
2022-06-08 16:00:00.012,0.0001
2022-06-09 00:00:00.000,0.0001
2022-06-09 08:00:00.000,5.421e-05
2022-06-09 16:00:00.000,0.0001
2022-06-10 00:00:00.009,0.0001
2022-06-10 08:00:00.000,0.0001
2022-06-10 16:00:00.006,-0.00010846
2022-06-11 00:00:00.018,-0.00013495
2022-06-11 08:00:00.014,-0.00018605
2022-06-11 16:00:00.000,-9.29e-05
2022-06-12 00:00:00.015,-6.025e-05
2022-06-12 08:00:00.019,-9.914e-05
2022-06-12 16:00:00.010,-6.827e-05
2022-06-13 00:00:00.009,1.579e-05
2022-06-13 08:00:00.000,-2.19e-06
2022-06-13 16:00:00.007,-5.144e-05
2022-06-14 00:00:00.013,-4.066e-05
2022-06-14 08:00:00.008,-5.061e-05
2022-06-14 16:00:00.006,-2.999e-05
2022-06-15 00:00:00.000,-5.37e-05
2022-06-15 08:00:00.016,-0.0001643
2022-06-15 16:00:00.008,-9.52e-06
2022-06-16 00:00:00.009,-1.444e-05
2022-06-16 08:00:00.016,6.616e-05
2022-06-16 16:00:00.000,-0.00010424
2022-06-17 00:00:00.008,-0.00012406
2022-06-17 08:00:00.003,-5.634e-05
2022-06-17 16:00:00.000,-0.00014982
2022-06-18 00:00:00.020,-7.277e-05
2022-06-18 08:00:00.025,-0.00029164
2022-06-18 16:00:00.014,-7.606e-05
2022-06-19 00:00:00.012,-0.00018722
2022-06-19 08:00:00.012,-0.0001769
2022-06-19 16:00:00.008,0.0001
2022-06-20 00:00:00.016,0.0001
2022-06-20 08:00:00.000,-2.176e-05
2022-06-20 16:00:00.013,8.444e-05
2022-06-21 00:00:00.012,6.015e-05
2022-06-21 08:00:00.018,4.698e-05
2022-06-21 16:00:00.010,5.33e-05
2022-06-22 00:00:00.000,-4.89e-05
2022-06-22 08:00:00.001,-2.551e-05
2022-06-22 16:00:00.012,-8.679e-05
2022-06-23 00:00:00.000,-4.408e-05
2022-06-23 08:00:00.000,-6.496e-05
2022-06-23 16:00:00.016,-0.00010151
2022-06-24 00:00:00.005,4.046e-05
2022-06-24 08:00:00.004,8.003e-05
2022-06-24 16:00:00.018,0.0001
2022-06-25 00:00:00.001,-3.928e-05
2022-06-25 08:00:00.010,3.156e-05
2022-06-25 16:00:00.000,6.42e-06
2022-06-26 00:00:00.002,0.0001
2022-06-26 08:00:00.016,2.837e-05
2022-06-26 16:00:00.006,-8.522e-05
2022-06-27 00:00:00.008,-0.00010252
2022-06-27 08:00:00.000,-4.323e-05
2022-06-27 16:00:00.016,-3.606e-05
2022-06-28 00:00:00.016,9.02e-06
2022-06-28 08:00:00.001,-2.707e-05
2022-06-28 16:00:00.005,6.622e-05
2022-06-29 00:00:00.000,3.172e-05
2022-06-29 08:00:00.013,1.728e-05
2022-06-29 16:00:00.000,1.147e-05
2022-06-30 00:00:00.000,3.467e-05
2022-06-30 08:00:00.000,-6.766e-05
2022-06-30 16:00:00.000,-0.00021692
2022-07-01 00:00:00.001,-0.00013323
2022-07-01 08:00:00.017,4.122e-05
2022-07-01 16:00:00.005,-9.037e-05
2022-07-02 00:00:00.000,-4.5e-06
2022-07-02 08:00:00.000,-4.376e-05
2022-07-02 16:00:00.008,-4.429e-05
2022-07-03 00:00:00.015,8.102e-05
2022-07-03 08:00:00.004,2.344e-05
2022-07-03 16:00:00.005,-9.636e-05
2022-07-04 00:00:00.021,8.487e-05
2022-07-04 08:00:00.001,-0.00014236
2022-07-04 16:00:00.000,6.349e-05
2022-07-05 00:00:00.000,8.23e-06
2022-07-05 08:00:00.000,1.762e-05
2022-07-05 16:00:00.015,4.28e-05
2022-07-06 00:00:00.006,0.0001
2022-07-06 08:00:00.000,0.0001
2022-07-06 16:00:00.000,4.373e-05
2022-07-07 00:00:00.010,0.0001
2022-07-07 08:00:00.010,0.0001
2022-07-07 16:00:00.011,6.891e-05
2022-07-08 00:00:00.008,0.0001
2022-07-08 08:00:00.009,0.0001
2022-07-08 16:00:00.000,5.505e-05
2022-07-09 00:00:00.000,5.118e-05
2022-07-09 08:00:00.000,2.685e-05
2022-07-09 16:00:00.009,3.206e-05
2022-07-10 00:00:00.001,4.544e-05
2022-07-10 08:00:00.002,0.0001
2022-07-10 16:00:00.001,6.604e-05
2022-07-11 00:00:00.000,1.102e-05
2022-07-11 08:00:00.003,4.204e-05
2022-07-11 16:00:00.001,5.881e-05
2022-07-12 00:00:00.000,6.653e-05
2022-07-12 08:00:00.021,-2.208e-05
2022-07-12 16:00:00.000,-0.00010622
2022-07-13 00:00:00.012,-0.00017917
2022-07-13 08:00:00.022,-0.00019746
2022-07-13 16:00:00.005,-0.00012686
2022-07-14 00:00:00.017,-0.00012921
2022-07-14 08:00:00.001,1.264e-05
2022-07-14 16:00:00.000,-5.017e-05
2022-07-15 00:00:00.004,0.0001
2022-07-15 08:00:00.019,4.667e-05
2022-07-15 16:00:00.017,-4.53e-06
2022-07-16 00:00:00.021,5.458e-05
2022-07-16 08:00:00.014,7.053e-05
2022-07-16 16:00:00.005,3.638e-05
2022-07-17 00:00:00.000,0.0001
2022-07-17 08:00:00.003,8e-08
2022-07-17 16:00:00.007,-6.39e-06
2022-07-18 00:00:00.001,-2.025e-05
2022-07-18 08:00:00.004,-8.57e-06
2022-07-18 16:00:00.019,7.25e-05
2022-07-19 00:00:00.000,0.0001
2022-07-19 08:00:00.000,0.0001
2022-07-19 16:00:00.001,4.242e-05
2022-07-20 00:00:00.004,5.437e-05
2022-07-20 08:00:00.000,-4.179e-05
2022-07-20 16:00:00.003,2.871e-05
2022-07-21 00:00:00.000,0.0001
2022-07-21 08:00:00.018,0.0001
2022-07-21 16:00:00.011,0.0001
2022-07-22 00:00:00.014,0.0001
2022-07-22 08:00:00.000,0.0001
2022-07-22 16:00:00.000,9.317e-05
2022-07-23 00:00:00.004,5.463e-05
2022-07-23 08:00:00.002,6.541e-05
2022-07-23 16:00:00.001,0.0001
2022-07-24 00:00:00.000,0.0001
2022-07-24 08:00:00.011,0.0001
2022-07-24 16:00:00.000,0.0001
2022-07-25 00:00:00.000,0.0001
2022-07-25 08:00:00.014,-1.134e-05
2022-07-25 16:00:00.006,7.434e-05
2022-07-26 00:00:00.010,6.69e-05
2022-07-26 08:00:00.000,7.151e-05
2022-07-26 16:00:00.000,0.0001
2022-07-27 00:00:00.008,7.41e-06
2022-07-27 08:00:00.000,8.204e-05
2022-07-27 16:00:00.003,3.325e-05
2022-07-28 00:00:00.009,0.0001
2022-07-28 08:00:00.008,0.0001
2022-07-28 16:00:00.013,0.0001
2022-07-29 00:00:00.000,0.0001
2022-07-29 08:00:00.000,0.0001
2022-07-29 16:00:00.000,0.0001
2022-07-30 00:00:00.005,0.0001
2022-07-30 08:00:00.009,0.0001
2022-07-30 16:00:00.000,5.049e-05
2022-07-31 00:00:00.022,4.431e-05
2022-07-31 08:00:00.011,0.0001
2022-07-31 16:00:00.019,5.528e-05
2022-08-01 00:00:00.010,9.823e-05
2022-08-01 08:00:00.019,0.0001
2022-08-01 16:00:00.017,6.285e-05
2022-08-02 00:00:00.000,0.0001
2022-08-02 08:00:00.007,1.617e-05
2022-08-02 16:00:00.014,1.593e-05
2022-08-03 00:00:00.001,6.888e-05
2022-08-03 08:00:00.020,3.68e-06
2022-08-03 16:00:00.008,-3.047e-05
2022-08-04 00:00:00.001,1.183e-05
2022-08-04 08:00:00.009,7.702e-05
2022-08-04 16:00:00.015,7.119e-05
2022-08-05 00:00:00.005,7.649e-05
2022-08-05 08:00:00.000,0.0001
2022-08-05 16:00:00.000,0.0001
2022-08-06 00:00:00.021,0.0001
2022-08-06 08:00:00.000,0.0001
2022-08-06 16:00:00.015,0.0001
2022-08-07 00:00:00.013,0.0001
2022-08-07 08:00:00.000,-2.278e-05
2022-08-07 16:00:00.014,2.801e-05
2022-08-08 00:00:00.009,-1.33e-05
2022-08-08 08:00:00.006,2.805e-05
2022-08-08 16:00:00.000,0.0001
2022-08-09 00:00:00.020,5.993e-05
2022-08-09 08:00:00.000,-3.21e-06
2022-08-09 16:00:00.000,-0.00014349
2022-08-10 00:00:00.000,-0.00010375
2022-08-10 08:00:00.016,-3.238e-05
2022-08-10 16:00:00.018,0.0001
2022-08-11 00:00:00.012,0.0001
2022-08-11 08:00:00.000,4.392e-05
2022-08-11 16:00:00.000,1.783e-05
2022-08-12 00:00:00.006,2.566e-05
2022-08-12 08:00:00.000,5.216e-05
2022-08-12 16:00:00.005,8.336e-05
2022-08-13 00:00:00.012,7.636e-05
2022-08-13 08:00:00.006,4.086e-05
2022-08-13 16:00:00.018,2.735e-05
2022-08-14 00:00:00.000,3.144e-05
2022-08-14 08:00:00.000,8.292e-05
2022-08-14 16:00:00.000,2.19e-06
2022-08-15 00:00:00.010,-6.757e-05
2022-08-15 08:00:00.002,3.991e-05
2022-08-15 16:00:00.010,-4.854e-05
2022-08-16 00:00:00.010,-6.945e-05
2022-08-16 08:00:00.002,3.333e-05
2022-08-16 16:00:00.000,3.842e-05
2022-08-17 00:00:00.020,5.927e-05
2022-08-17 08:00:00.016,6.626e-05
2022-08-17 16:00:00.001,4.034e-05
2022-08-18 00:00:00.005,2.314e-05
2022-08-18 08:00:00.012,9.463e-05
2022-08-18 16:00:00.013,3.449e-05
2022-08-19 00:00:00.000,5.275e-05
2022-08-19 08:00:00.000,0.0001
2022-08-19 16:00:00.009,1.435e-05
2022-08-20 00:00:00.000,4.557e-05
2022-08-20 08:00:00.005,-3.743e-05
2022-08-20 16:00:00.000,9.91e-06
2022-08-21 00:00:00.010,-1.408e-05
2022-08-21 08:00:00.013,1.912e-05
2022-08-21 16:00:00.000,-5.859e-05
2022-08-22 00:00:00.011,-5.605e-05
2022-08-22 08:00:00.005,6.886e-05
2022-08-22 16:00:00.005,7.481e-05
2022-08-23 00:00:00.000,6.559e-05
2022-08-23 08:00:00.021,-1.8e-05
2022-08-23 16:00:00.005,-9.315e-05
2022-08-24 00:00:00.017,-8.879e-05
2022-08-24 08:00:00.021,-2.313e-05
2022-08-24 16:00:00.000,5.38e-06
2022-08-25 00:00:00.003,-9.281e-05
2022-08-25 08:00:00.000,-1.814e-05
2022-08-25 16:00:00.004,2.635e-05
2022-08-26 00:00:00.001,4.613e-05
2022-08-26 08:00:00.004,2.49e-05
2022-08-26 16:00:00.000,8.902e-05
2022-08-27 00:00:00.010,-0.0002075
2022-08-27 08:00:00.007,-7.754e-05
2022-08-27 16:00:00.008,-0.000272
2022-08-28 00:00:00.019,-0.0002537
2022-08-28 08:00:00.000,-0.0002688
2022-08-28 16:00:00.000,1.893e-05
2022-08-29 00:00:00.000,-0.00024797
2022-08-29 08:00:00.000,-0.00017053
2022-08-29 16:00:00.001,-6.657e-05
2022-08-30 00:00:00.001,-9.478e-05
2022-08-30 08:00:00.005,-6.689e-05
2022-08-30 16:00:00.010,-5.782e-05
2022-08-31 00:00:00.000,-0.00011151
2022-08-31 08:00:00.005,-2.5e-07
2022-08-31 16:00:00.013,7.105e-05
2022-09-01 00:00:00.012,-1.273e-05
2022-09-01 08:00:00.000,9.18e-06
2022-09-01 16:00:00.013,-7.998e-05
2022-09-02 00:00:00.002,5.469e-05
2022-09-02 08:00:00.013,3.291e-05
2022-09-02 16:00:00.000,-1.84e-05
2022-09-03 00:00:00.000,-0.00012553
2022-09-03 08:00:00.002,-0.00010187
2022-09-03 16:00:00.007,-9.441e-05
2022-09-04 00:00:00.008,1.789e-05
2022-09-04 08:00:00.009,-4.425e-05
2022-09-04 16:00:00.000,-9.236e-05
2022-09-05 00:00:00.015,8.77e-06
2022-09-05 08:00:00.013,-0.00010286
2022-09-05 16:00:00.007,-5.01e-05
2022-09-06 00:00:00.018,-0.00016568
2022-09-06 08:00:00.020,-0.00013291
2022-09-06 16:00:00.028,-2.352e-05
2022-09-07 00:00:00.013,-0.0001677
2022-09-07 08:00:00.022,-0.00027449
2022-09-07 16:00:00.021,-0.00018414
2022-09-08 00:00:00.010,1.215e-05
2022-09-08 08:00:00.000,-1.24e-05
2022-09-08 16:00:00.003,-6.039e-05
2022-09-09 00:00:00.011,-8.28e-05
2022-09-09 08:00:00.000,-3.837e-05
2022-09-09 16:00:00.000,-0.00012468
2022-09-10 00:00:00.003,-7.115e-05
2022-09-10 08:00:00.000,-0.00020439
2022-09-10 16:00:00.012,-0.00014116
2022-09-11 00:00:00.009,-0.00011556
2022-09-11 08:00:00.012,-0.00016606
2022-09-11 16:00:00.005,-0.00031696
2022-09-12 00:00:00.007,-0.00034442
2022-09-12 08:00:00.013,-0.0002761
2022-09-12 16:00:00.000,-0.00038902
2022-09-13 00:00:00.004,-0.00028397
2022-09-13 08:00:00.000,-0.00047985
2022-09-13 16:00:00.000,-0.0004662
2022-09-14 00:00:00.000,-0.00111142
2022-09-14 08:00:00.000,-0.00182506
2022-09-14 16:00:00.000,-0.00172134
2022-09-15 00:00:00.019,-0.00301937
2022-09-15 08:00:00.012,-0.00216987
2022-09-15 16:00:00.007,-0.00010393
2022-09-16 00:00:00.000,-7.76e-06
2022-09-16 08:00:00.000,-2.35e-06
2022-09-16 16:00:00.000,0.0001
2022-09-17 00:00:00.000,7.4e-05
2022-09-17 08:00:00.012,7.913e-05
2022-09-17 16:00:00.017,4.111e-05
2022-09-18 00:00:00.000,8.41e-06
2022-09-18 08:00:00.004,8.234e-05
2022-09-18 16:00:00.000,6.342e-05
2022-09-19 00:00:00.018,-0.00010281
2022-09-19 08:00:00.006,-4.91e-06
2022-09-19 16:00:00.010,-9.737e-05
2022-09-20 00:00:00.007,-0.00010865
2022-09-20 08:00:00.001,-0.00012011
2022-09-20 16:00:00.000,2.77e-06
2022-09-21 00:00:00.001,-3.849e-05
2022-09-21 08:00:00.005,-2.285e-05
2022-09-21 16:00:00.000,-7.656e-05
2022-09-22 00:00:00.000,-0.00024234
2022-09-22 08:00:00.000,-0.00023437
2022-09-22 16:00:00.011,-0.00013047
2022-09-23 00:00:00.023,-1.456e-05
2022-09-23 08:00:00.004,-4.759e-05
2022-09-23 16:00:00.005,-5.042e-05
2022-09-24 00:00:00.000,1.491e-05
2022-09-24 08:00:00.005,4.468e-05
2022-09-24 16:00:00.000,-8.115e-05
2022-09-25 00:00:00.010,1.22e-06
2022-09-25 08:00:00.000,-4.292e-05
2022-09-25 16:00:00.003,4.49e-06
2022-09-26 00:00:00.001,4.23e-06
2022-09-26 08:00:00.006,0.0001
2022-09-26 16:00:00.000,-1.379e-05
2022-09-27 00:00:00.026,2.194e-05
2022-09-27 08:00:00.004,1.777e-05
2022-09-27 16:00:00.006,1.303e-05
2022-09-28 00:00:00.011,-1.018e-05
2022-09-28 08:00:00.000,-2.348e-05
2022-09-28 16:00:00.000,-7.573e-05
2022-09-29 00:00:00.010,6.004e-05
2022-09-29 08:00:00.000,0.0001
2022-09-29 16:00:00.000,2.149e-05
2022-09-30 00:00:00.006,1.17e-05
2022-09-30 08:00:00.002,7.176e-05
2022-09-30 16:00:00.007,0.0001
2022-10-01 00:00:00.008,8.185e-05
2022-10-01 08:00:00.011,6.857e-05
2022-10-01 16:00:00.000,5.117e-05
2022-10-02 00:00:00.000,1.239e-05
2022-10-02 08:00:00.000,4.395e-05
2022-10-02 16:00:00.006,-2.183e-05
2022-10-03 00:00:00.000,-2.23e-05
2022-10-03 08:00:00.014,2.229e-05
2022-10-03 16:00:00.010,-9.98e-06
2022-10-04 00:00:00.006,7.858e-05
2022-10-04 08:00:00.004,0.0001
2022-10-04 16:00:00.013,3.575e-05
2022-10-05 00:00:00.000,1.819e-05
2022-10-05 08:00:00.000,3.45e-06
2022-10-05 16:00:00.012,-3.017e-05
2022-10-06 00:00:00.008,2.418e-05
2022-10-06 08:00:00.002,5.188e-05
2022-10-06 16:00:00.006,-1.15e-05
2022-10-07 00:00:00.000,2.157e-05
2022-10-07 08:00:00.000,3.248e-05
2022-10-07 16:00:00.007,3.9e-06
2022-10-08 00:00:00.010,5.904e-05
2022-10-08 08:00:00.004,6.993e-05
2022-10-08 16:00:00.018,8.939e-05
2022-10-09 00:00:00.000,3.902e-05
2022-10-09 08:00:00.007,1.819e-05
2022-10-09 16:00:00.011,-5.165e-05
2022-10-10 00:00:00.018,4.749e-05
2022-10-10 08:00:00.000,2.784e-05
2022-10-10 16:00:00.026,2.352e-05
2022-10-11 00:00:00.020,7.133e-05
2022-10-11 08:00:00.027,3.552e-05
2022-10-11 16:00:00.000,4.405e-05
2022-10-12 00:00:00.014,8.85e-05
2022-10-12 08:00:00.000,-1.598e-05
2022-10-12 16:00:00.000,7.18e-06
2022-10-13 00:00:00.013,-0.00018211
2022-10-13 08:00:00.016,8.18e-05
2022-10-13 16:00:00.009,-0.00010154
2022-10-14 00:00:00.020,2e-06
2022-10-14 08:00:00.000,0.0001
2022-10-14 16:00:00.009,0.0001
2022-10-15 00:00:00.001,5.95e-05
2022-10-15 08:00:00.005,-5.48e-06
2022-10-15 16:00:00.004,-8.01e-06
2022-10-16 00:00:00.012,2.73e-06
2022-10-16 08:00:00.000,-1.934e-05
2022-10-16 16:00:00.010,1.261e-05
2022-10-17 00:00:00.012,7.5e-06
2022-10-17 08:00:00.010,3.595e-05
2022-10-17 16:00:00.017,5.61e-05
2022-10-18 00:00:00.010,6.43e-05
2022-10-18 08:00:00.008,5.818e-05
2022-10-18 16:00:00.000,8.2e-05
2022-10-19 00:00:00.007,6.911e-05
2022-10-19 08:00:00.022,0.0001
2022-10-19 16:00:00.016,3.885e-05
2022-10-20 00:00:00.000,1.115e-05
2022-10-20 08:00:00.013,6.032e-05
2022-10-20 16:00:00.000,-5.194e-05
2022-10-21 00:00:00.005,0.0001
2022-10-21 08:00:00.018,1.939e-05
2022-10-21 16:00:00.000,2.595e-05
2022-10-22 00:00:00.000,2.568e-05
2022-10-22 08:00:00.015,-7.96e-06
2022-10-22 16:00:00.000,-3.726e-05
2022-10-23 00:00:00.025,1.025e-05
2022-10-23 08:00:00.000,2.352e-05
2022-10-23 16:00:00.004,0.0001
2022-10-24 00:00:00.009,9.274e-05
2022-10-24 08:00:00.012,0.0001
2022-10-24 16:00:00.002,-2.685e-05
2022-10-25 00:00:00.013,-5.643e-05
2022-10-25 08:00:00.013,3.537e-05
2022-10-25 16:00:00.000,1.973e-05
2022-10-26 00:00:00.006,0.0001
2022-10-26 08:00:00.013,-2.452e-05
2022-10-26 16:00:00.000,0.0001
2022-10-27 00:00:00.009,8.299e-05
2022-10-27 08:00:00.006,5.005e-05
2022-10-27 16:00:00.009,-3.37e-05
2022-10-28 00:00:00.000,2.272e-05
2022-10-28 08:00:00.000,4.042e-05
2022-10-28 16:00:00.007,1.87e-05
2022-10-29 00:00:00.000,6.207e-05
2022-10-29 08:00:00.003,8.203e-05
2022-10-29 16:00:00.010,0.0001
2022-10-30 00:00:00.000,7.735e-05
2022-10-30 08:00:00.013,9.296e-05
2022-10-30 16:00:00.009,0.0001
2022-10-31 00:00:00.012,6.308e-05
2022-10-31 08:00:00.000,0.0001
2022-10-31 16:00:00.010,-2.88e-06
2022-11-01 00:00:00.000,7.95e-06
2022-11-01 08:00:00.000,-5.701e-05
2022-11-01 16:00:00.000,1.321e-05
2022-11-02 00:00:00.000,7.678e-05
2022-11-02 08:00:00.000,2.913e-05
2022-11-02 16:00:00.019,5.813e-05
2022-11-03 00:00:00.011,-8.892e-05
2022-11-03 08:00:00.016,-7.732e-05
2022-11-03 16:00:00.005,2.55e-06
2022-11-04 00:00:00.000,1.398e-05
2022-11-04 08:00:00.004,9.293e-05
2022-11-04 16:00:00.020,0.0001
2022-11-05 00:00:00.009,9.19e-05
2022-11-05 08:00:00.007,1.474e-05
2022-11-05 16:00:00.018,5.826e-05
2022-11-06 00:00:00.009,8.014e-05
2022-11-06 08:00:00.000,0.0001
2022-11-06 16:00:00.010,4.026e-05
2022-11-07 00:00:00.012,2.594e-05
2022-11-07 08:00:00.014,-2.72e-06
2022-11-07 16:00:00.006,0.0001
2022-11-08 00:00:00.000,-5.728e-05
2022-11-08 08:00:00.001,-0.00011539
2022-11-08 16:00:00.005,7.883e-05
2022-11-09 00:00:00.000,-0.00038496
2022-11-09 08:00:00.013,-0.00012169
2022-11-09 16:00:00.004,-0.00054682
2022-11-10 00:00:00.006,-0.00060149
2022-11-10 08:00:00.000,-0.000543
2022-11-10 16:00:00.015,-0.00015464
2022-11-11 00:00:00.000,-0.00016788
2022-11-11 08:00:00.015,-0.00013634
2022-11-11 16:00:00.027,2.873e-05
2022-11-12 00:00:00.007,9.985e-05
2022-11-12 08:00:00.016,4.863e-05
2022-11-12 16:00:00.000,9.984e-05
2022-11-13 00:00:00.004,-9.28e-06
2022-11-13 08:00:00.000,-8.449e-05
2022-11-13 16:00:00.017,-1.748e-05
2022-11-14 00:00:00.000,2.81e-05
2022-11-14 08:00:00.000,2.254e-05
2022-11-14 16:00:00.000,5.237e-05
2022-11-15 00:00:00.014,-8.644e-05
2022-11-15 08:00:00.009,4.951e-05
2022-11-15 16:00:00.010,-4.197e-05
2022-11-16 00:00:00.011,-9.137e-05
2022-11-16 08:00:00.004,1.19e-06
2022-11-16 16:00:00.008,-4.556e-05
2022-11-17 00:00:00.000,-9.394e-05
2022-11-17 08:00:00.000,2.558e-05
2022-11-17 16:00:00.006,-0.00010849
2022-11-18 00:00:00.004,-8.46e-05
2022-11-18 08:00:00.016,-6.951e-05
2022-11-18 16:00:00.000,-5.327e-05
2022-11-19 00:00:00.000,6.481e-05
2022-11-19 08:00:00.004,4.413e-05
2022-11-19 16:00:00.024,5.99e-05
2022-11-20 00:00:00.015,3.77e-06
2022-11-20 08:00:00.004,5.73e-05
2022-11-20 16:00:00.000,-2.008e-05
2022-11-21 00:00:00.006,-0.00020459
2022-11-21 08:00:00.015,-2.17e-05
2022-11-21 16:00:00.000,4.666e-05
2022-11-22 00:00:00.000,-6.623e-05
2022-11-22 08:00:00.000,-2.821e-05
2022-11-22 16:00:00.000,6.368e-05
2022-11-23 00:00:00.000,6.088e-05
2022-11-23 08:00:00.011,-4.079e-05
2022-11-23 16:00:00.014,-9.414e-05
2022-11-24 00:00:00.007,4.96e-05
2022-11-24 08:00:00.014,-6.135e-05
2022-11-24 16:00:00.013,3.796e-05
2022-11-25 00:00:00.004,5.572e-05
2022-11-25 08:00:00.015,5.499e-05
2022-11-25 16:00:00.000,-3.074e-05
2022-11-26 00:00:00.011,-4.472e-05
2022-11-26 08:00:00.000,-5.666e-05
2022-11-26 16:00:00.000,-6.554e-05
2022-11-27 00:00:00.012,-4.687e-05
2022-11-27 08:00:00.000,-0.00011497
2022-11-27 16:00:00.003,3.854e-05
2022-11-28 00:00:00.015,3.42e-06
2022-11-28 08:00:00.004,-2.557e-05
2022-11-28 16:00:00.011,-0.00012317
2022-11-29 00:00:00.000,3.832e-05
2022-11-29 08:00:00.015,2.946e-05
2022-11-29 16:00:00.000,0.0001
2022-11-30 00:00:00.007,9.218e-05
2022-11-30 08:00:00.000,0.0001
2022-11-30 16:00:00.015,0.0001
2022-12-01 00:00:00.001,-1.967e-05
2022-12-01 08:00:00.006,3.623e-05
2022-12-01 16:00:00.000,0.0001
2022-12-02 00:00:00.001,0.0001
2022-12-02 08:00:00.016,-2.44e-06
2022-12-02 16:00:00.017,4.87e-05
2022-12-03 00:00:00.006,-4.81e-06
2022-12-03 08:00:00.000,-2.779e-05
2022-12-03 16:00:00.011,-2.251e-05
2022-12-04 00:00:00.006,-4.991e-05
2022-12-04 08:00:00.000,-1.49e-06
2022-12-04 16:00:00.006,3.593e-05
2022-12-05 00:00:00.002,5.566e-05
2022-12-05 08:00:00.011,-2.459e-05
2022-12-05 16:00:00.008,5.578e-05
2022-12-06 00:00:00.014,4.181e-05
2022-12-06 08:00:00.027,1.389e-05
2022-12-06 16:00:00.009,4.364e-05
2022-12-07 00:00:00.000,8.029e-05
2022-12-07 08:00:00.000,5.95e-06
2022-12-07 16:00:00.000,-2.33e-06
2022-12-08 00:00:00.006,6.3e-07
2022-12-08 08:00:00.000,1.744e-05
2022-12-08 16:00:00.014,-9.2e-07
2022-12-09 00:00:00.017,0.0001
2022-12-09 08:00:00.005,6.855e-05
2022-12-09 16:00:00.000,4.9e-05
2022-12-10 00:00:00.009,-1.674e-05
2022-12-10 08:00:00.010,6.407e-05
2022-12-10 16:00:00.001,6.841e-05
2022-12-11 00:00:00.011,-2.288e-05
2022-12-11 08:00:00.007,1.946e-05
2022-12-11 16:00:00.011,1.359e-05
2022-12-12 00:00:00.000,3.843e-05
2022-12-12 08:00:00.004,-2.359e-05
2022-12-12 16:00:00.000,-2.692e-05
2022-12-13 00:00:00.000,8.949e-05
2022-12-13 08:00:00.018,0.0001
2022-12-13 16:00:00.011,0.0001
2022-12-14 00:00:00.010,0.0001
2022-12-14 08:00:00.015,0.0001
2022-12-14 16:00:00.004,0.0001
2022-12-15 00:00:00.000,0.0001
2022-12-15 08:00:00.023,0.0001
2022-12-15 16:00:00.010,0.0001
2022-12-16 00:00:00.016,0.0001
2022-12-16 08:00:00.011,0.0001
2022-12-16 16:00:00.001,-3.78e-05
2022-12-17 00:00:00.001,8.697e-05
2022-12-17 08:00:00.011,-6.429e-05
2022-12-17 16:00:00.011,3.413e-05
2022-12-18 00:00:00.008,5.955e-05
2022-12-18 08:00:00.001,7.9e-05
2022-12-18 16:00:00.012,4.105e-05
2022-12-19 00:00:00.000,-3.395e-05
2022-12-19 08:00:00.000,5.7e-06
2022-12-19 16:00:00.000,-6.01e-06
2022-12-20 00:00:00.005,8.479e-05
2022-12-20 08:00:00.016,4.111e-05
2022-12-20 16:00:00.000,9.832e-05
2022-12-21 00:00:00.007,4.626e-05
2022-12-21 08:00:00.012,8.575e-05
2022-12-21 16:00:00.017,6.565e-05
2022-12-22 00:00:00.004,8.923e-05
2022-12-22 08:00:00.000,9.813e-05
2022-12-22 16:00:00.001,7.887e-05
2022-12-23 00:00:00.018,7.468e-05
2022-12-23 08:00:00.000,0.0001
2022-12-23 16:00:00.000,-7.28e-06
2022-12-24 00:00:00.001,6.767e-05
2022-12-24 08:00:00.007,0.0001
2022-12-24 16:00:00.008,5.27e-06
2022-12-25 00:00:00.000,-3.84e-06
2022-12-25 08:00:00.013,4.1e-07
2022-12-25 16:00:00.000,1.343e-05
2022-12-26 00:00:00.001,6.962e-05
2022-12-26 08:00:00.000,1.023e-05
2022-12-26 16:00:00.005,2.594e-05
2022-12-27 00:00:00.005,0.0001
2022-12-27 08:00:00.010,2.226e-05
2022-12-27 16:00:00.006,7.546e-05
2022-12-28 00:00:00.010,0.0001
2022-12-28 08:00:00.010,6.253e-05
2022-12-28 16:00:00.010,-2.352e-05
2022-12-29 00:00:00.011,0.0001
2022-12-29 08:00:00.000,5.835e-05
2022-12-29 16:00:00.008,0.0001
2022-12-30 00:00:00.000,0.0001
2022-12-30 08:00:00.000,0.0001
2022-12-30 16:00:00.000,0.0001
2022-12-31 00:00:00.014,0.0001
2022-12-31 08:00:00.000,0.0001
2022-12-31 16:00:00.000,0.0001
2023-01-01 00:00:00.000,0.0001
2023-01-01 08:00:00.008,0.0001
2023-01-01 16:00:00.000,0.0001
2023-01-02 00:00:00.000,0.0001
2023-01-02 08:00:00.008,8.878e-05
2023-01-02 16:00:00.015,7.464e-05
2023-01-03 00:00:00.003,8.9e-06
2023-01-03 08:00:00.018,5.228e-05
2023-01-03 16:00:00.000,2.948e-05
2023-01-04 00:00:00.000,7.609e-05
2023-01-04 08:00:00.016,0.0001
2023-01-04 16:00:00.011,0.0001
2023-01-05 00:00:00.009,0.0001
2023-01-05 08:00:00.011,0.0001
2023-01-05 16:00:00.000,0.0001
2023-01-06 00:00:00.005,0.0001
2023-01-06 08:00:00.001,0.0001
2023-01-06 16:00:00.000,0.0001
2023-01-07 00:00:00.006,5.444e-05
2023-01-07 08:00:00.017,4.199e-05
2023-01-07 16:00:00.000,7.19e-05
2023-01-08 00:00:00.015,2.131e-05
2023-01-08 08:00:00.000,8.826e-05
2023-01-08 16:00:00.010,8.657e-05
2023-01-09 00:00:00.003,4.312e-05
2023-01-09 08:00:00.000,7.617e-05
2023-01-09 16:00:00.006,0.0001
2023-01-10 00:00:00.003,0.0001
2023-01-10 08:00:00.021,0.0001
2023-01-10 16:00:00.000,0.0001
2023-01-11 00:00:00.011,0.0001
2023-01-11 08:00:00.006,0.0001
2023-01-11 16:00:00.004,2.778e-05
2023-01-12 00:00:00.000,0.0001
2023-01-12 08:00:00.000,0.0001
2023-01-12 16:00:00.000,0.0001
2023-01-13 00:00:00.004,0.0001
2023-01-13 08:00:00.000,0.0001
2023-01-13 16:00:00.018,0.0001
2023-01-14 00:00:00.000,0.0001
2023-01-14 08:00:00.001,0.00061643
2023-01-14 16:00:00.000,0.00045951
2023-01-15 00:00:00.010,0.00012412
2023-01-15 08:00:00.002,0.00030426
2023-01-15 16:00:00.000,0.00018878
2023-01-16 00:00:00.010,0.00014183
2023-01-16 08:00:00.007,0.0001
2023-01-16 16:00:00.000,0.0001
2023-01-17 00:00:00.004,0.0001
2023-01-17 08:00:00.005,0.0001
2023-01-17 16:00:00.001,0.0001
2023-01-18 00:00:00.008,0.0001
2023-01-18 08:00:00.009,0.0001
2023-01-18 16:00:00.017,0.0001
2023-01-19 00:00:00.000,0.0001
2023-01-19 08:00:00.015,0.0001
2023-01-19 16:00:00.012,0.0001
2023-01-20 00:00:00.000,0.0001
2023-01-20 08:00:00.000,0.0001
2023-01-20 16:00:00.000,0.0001
2023-01-21 00:00:00.013,0.0001
2023-01-21 08:00:00.001,0.0001
2023-01-21 16:00:00.016,0.0001
2023-01-22 00:00:00.000,0.0001
2023-01-22 08:00:00.000,0.0001
2023-01-22 16:00:00.023,0.0001
2023-01-23 00:00:00.014,0.00010356
2023-01-23 08:00:00.014,0.0001
2023-01-23 16:00:00.016,0.0001
2023-01-24 00:00:00.008,0.0001
2023-01-24 08:00:00.008,0.0001
2023-01-24 16:00:00.000,0.0001
2023-01-25 00:00:00.012,0.0001
2023-01-25 08:00:00.000,0.0001
2023-01-25 16:00:00.010,0.0001
2023-01-26 00:00:00.010,0.0001
2023-01-26 08:00:00.003,0.0001
2023-01-26 16:00:00.020,0.0001
2023-01-27 00:00:00.008,0.0001
2023-01-27 08:00:00.000,0.0001
2023-01-27 16:00:00.000,0.0001
2023-01-28 00:00:00.009,0.0001
2023-01-28 08:00:00.018,0.0001
2023-01-28 16:00:00.005,0.0001
2023-01-29 00:00:00.011,0.0001
2023-01-29 08:00:00.000,0.0001
2023-01-29 16:00:00.008,0.0001
2023-01-30 00:00:00.001,0.0001
2023-01-30 08:00:00.000,0.0001
2023-01-30 16:00:00.000,0.0001
2023-01-31 00:00:00.005,0.0001
2023-01-31 08:00:00.000,0.0001
2023-01-31 16:00:00.007,0.0001
2023-02-01 00:00:00.013,0.0001
2023-02-01 08:00:00.000,0.0001
2023-02-01 16:00:00.012,0.0001
2023-02-02 00:00:00.004,0.0001
2023-02-02 08:00:00.023,0.0001
2023-02-02 16:00:00.003,0.0001
2023-02-03 00:00:00.010,0.0001
2023-02-03 08:00:00.000,0.0001
2023-02-03 16:00:00.000,0.0001
2023-02-04 00:00:00.010,0.0001
2023-02-04 08:00:00.000,0.0001
2023-02-04 16:00:00.000,0.0001
2023-02-05 00:00:00.016,0.0001
2023-02-05 08:00:00.009,0.0001
2023-02-05 16:00:00.018,0.0001
2023-02-06 00:00:00.001,0.0001
2023-02-06 08:00:00.000,0.0001
2023-02-06 16:00:00.012,0.0001
2023-02-07 00:00:00.004,0.0001
2023-02-07 08:00:00.011,0.0001
2023-02-07 16:00:00.018,0.0001
2023-02-08 00:00:00.009,0.0001
2023-02-08 08:00:00.010,0.0001
2023-02-08 16:00:00.000,0.0001
2023-02-09 00:00:00.014,0.0001
2023-02-09 08:00:00.006,0.0001
2023-02-09 16:00:00.001,0.0001
2023-02-10 00:00:00.012,0.0001
2023-02-10 08:00:00.005,6.828e-05
2023-02-10 16:00:00.020,0.0001
2023-02-11 00:00:00.007,6.47e-05
2023-02-11 08:00:00.002,3.345e-05
2023-02-11 16:00:00.021,-2.491e-05
2023-02-12 00:00:00.004,8.869e-05
2023-02-12 08:00:00.000,3.225e-05
2023-02-12 16:00:00.002,4.579e-05
2023-02-13 00:00:00.006,2.555e-05
2023-02-13 08:00:00.008,5.994e-05
2023-02-13 16:00:00.002,0.0001
2023-02-14 00:00:00.013,-4.54e-06
2023-02-14 08:00:00.014,4.405e-05
2023-02-14 16:00:00.016,5.311e-05
2023-02-15 00:00:00.011,2.91e-05
2023-02-15 08:00:00.000,2.81e-05
2023-02-15 16:00:00.005,5.715e-05
2023-02-16 00:00:00.019,0.0001
2023-02-16 08:00:00.000,0.0001
2023-02-16 16:00:00.001,0.00014101
2023-02-17 00:00:00.003,0.0001
2023-02-17 08:00:00.016,0.0001
2023-02-17 16:00:00.000,0.0001
2023-02-18 00:00:00.011,0.0001
2023-02-18 08:00:00.000,0.0001
2023-02-18 16:00:00.007,0.0001
2023-02-19 00:00:00.019,0.0001
2023-02-19 08:00:00.005,0.0001
2023-02-19 16:00:00.003,0.0001
2023-02-20 00:00:00.006,0.0001
2023-02-20 08:00:00.008,0.0001
2023-02-20 16:00:00.006,0.0001
2023-02-21 00:00:00.001,0.0001
2023-02-21 08:00:00.004,0.0001
2023-02-21 16:00:00.011,0.0001
2023-02-22 00:00:00.009,0.0001
2023-02-22 08:00:00.010,0.0001
2023-02-22 16:00:00.000,0.0001
2023-02-23 00:00:00.006,7.072e-05
2023-02-23 08:00:00.005,9.829e-05
2023-02-23 16:00:00.002,4.374e-05
2023-02-24 00:00:00.015,3.804e-05
2023-02-24 08:00:00.011,6.414e-05
2023-02-24 16:00:00.014,8.38e-05
2023-02-25 00:00:00.015,7.921e-05
2023-02-25 08:00:00.015,9.641e-05
2023-02-25 16:00:00.015,5.498e-05
2023-02-26 00:00:00.007,1.266e-05
2023-02-26 08:00:00.012,4.684e-05
2023-02-26 16:00:00.000,1.098e-05
2023-02-27 00:00:00.011,0.0001
2023-02-27 08:00:00.003,8.633e-05
2023-02-27 16:00:00.000,6.025e-05
2023-02-28 00:00:00.011,3.555e-05
2023-02-28 08:00:00.018,3.626e-05
2023-02-28 16:00:00.005,8.565e-05
2023-03-01 00:00:00.016,3.42e-06
2023-03-01 08:00:00.000,0.0001
2023-03-01 16:00:00.008,0.0001
2023-03-02 00:00:00.009,0.0001
2023-03-02 08:00:00.013,0.0001
2023-03-02 16:00:00.000,7.746e-05
2023-03-03 00:00:00.000,3.967e-05
2023-03-03 08:00:00.013,-9.17e-06
2023-03-03 16:00:00.000,2.284e-05
2023-03-04 00:00:00.001,8.491e-05
2023-03-04 08:00:00.008,1.26e-06
2023-03-04 16:00:00.012,2.121e-05
2023-03-05 00:00:00.000,5.372e-05
2023-03-05 08:00:00.000,3.555e-05
2023-03-05 16:00:00.015,4.841e-05
2023-03-06 00:00:00.007,4.583e-05
2023-03-06 08:00:00.017,7.122e-05
2023-03-06 16:00:00.000,3.604e-05
2023-03-07 00:00:00.009,5.296e-05
2023-03-07 08:00:00.016,7.563e-05
2023-03-07 16:00:00.017,1.011e-05
2023-03-08 00:00:00.000,8.208e-05
2023-03-08 08:00:00.014,6.665e-05
2023-03-08 16:00:00.021,8.786e-05
2023-03-09 00:00:00.010,9.084e-05
2023-03-09 08:00:00.013,7.599e-05
2023-03-09 16:00:00.002,3.643e-05
2023-03-10 00:00:00.000,-8.306e-05
2023-03-10 08:00:00.000,-9.7e-07
2023-03-10 16:00:00.005,-5.12e-06
2023-03-11 00:00:00.011,2.796e-05
2023-03-11 08:00:00.003,-5.766e-05
2023-03-11 16:00:00.011,4.677e-05
2023-03-12 00:00:00.001,-1.066e-05
2023-03-12 08:00:00.000,8.67e-05
2023-03-12 16:00:00.005,-4.286e-05
2023-03-13 00:00:00.010,0.0001
2023-03-13 08:00:00.018,0.0001
2023-03-13 16:00:00.003,0.0001
2023-03-14 00:00:00.010,0.0001
2023-03-14 08:00:00.009,0.0001
2023-03-14 16:00:00.010,0.0001
2023-03-15 00:00:00.011,0.00031728
2023-03-15 08:00:00.000,0.00018366
2023-03-15 16:00:00.012,0.0001
2023-03-16 00:00:00.004,0.0001
2023-03-16 08:00:00.018,0.0001
2023-03-16 16:00:00.005,0.0001
2023-03-17 00:00:00.017,5.964e-05
2023-03-17 08:00:00.010,5.941e-05
2023-03-17 16:00:00.003,0.0001
2023-03-18 00:00:00.012,0.0001
2023-03-18 08:00:00.000,0.0001
2023-03-18 16:00:00.016,0.0001
2023-03-19 00:00:00.013,0.0001
2023-03-19 08:00:00.024,0.0001
2023-03-19 16:00:00.000,0.0001
2023-03-20 00:00:00.005,0.0001
2023-03-20 08:00:00.012,0.0001
2023-03-20 16:00:00.015,8.194e-05
2023-03-21 00:00:00.006,7.106e-05
2023-03-21 08:00:00.004,4.611e-05
2023-03-21 16:00:00.003,8.99e-05
2023-03-22 00:00:00.000,5.146e-05
2023-03-22 08:00:00.003,1.267e-05
2023-03-22 16:00:00.000,5.54e-05
2023-03-23 00:00:00.016,1.123e-05
2023-03-23 08:00:00.001,6.86e-05
2023-03-23 16:00:00.013,0.0001
2023-03-24 00:00:00.013,0.0001
2023-03-24 08:00:00.012,0.0001
2023-03-24 16:00:00.027,0.0001
2023-03-25 00:00:00.015,1.992e-05
2023-03-25 08:00:00.011,1.46e-05
2023-03-25 16:00:00.011,-7.95e-06
2023-03-26 00:00:00.000,8.29e-06
2023-03-26 08:00:00.015,9.97e-06
2023-03-26 16:00:00.000,4.383e-05
2023-03-27 00:00:00.019,1.635e-05
2023-03-27 08:00:00.009,-3.85e-06
2023-03-27 16:00:00.000,-1.71e-06
2023-03-28 00:00:00.007,-1.478e-05
2023-03-28 08:00:00.000,3.473e-05
2023-03-28 16:00:00.013,6.578e-05
2023-03-29 00:00:00.010,0.0001
2023-03-29 08:00:00.006,7.584e-05
2023-03-29 16:00:00.014,0.0001
2023-03-30 00:00:00.000,5.756e-05
2023-03-30 08:00:00.000,2.86e-06
2023-03-30 16:00:00.006,5.025e-05
2023-03-31 00:00:00.003,7.203e-05
2023-03-31 08:00:00.006,6.982e-05
2023-03-31 16:00:00.011,0.0001
2023-04-01 00:00:00.000,0.0001
2023-04-01 08:00:00.000,0.0001
2023-04-01 16:00:00.018,6.306e-05
2023-04-02 00:00:00.013,3.987e-05
2023-04-02 08:00:00.014,5.018e-05
2023-04-02 16:00:00.001,3.503e-05
2023-04-03 00:00:00.000,-2.938e-05
2023-04-03 08:00:00.013,-1.96e-05
2023-04-03 16:00:00.011,-4.71e-06
2023-04-04 00:00:00.002,6.36e-05
2023-04-04 08:00:00.017,3.238e-05
2023-04-04 16:00:00.008,0.0001
2023-04-05 00:00:00.000,6.853e-05
2023-04-05 08:00:00.016,0.0001
2023-04-05 16:00:00.004,0.0001
2023-04-06 00:00:00.000,5.011e-05
2023-04-06 08:00:00.011,6.251e-05
2023-04-06 16:00:00.000,2.17e-06
2023-04-07 00:00:00.006,2.088e-05
2023-04-07 08:00:00.005,7.093e-05
2023-04-07 16:00:00.000,3.638e-05
2023-04-08 00:00:00.000,3.725e-05
2023-04-08 08:00:00.014,1.046e-05
2023-04-08 16:00:00.018,2.21e-05
2023-04-09 00:00:00.013,8.21e-06
2023-04-09 08:00:00.024,-1.908e-05
2023-04-09 16:00:00.010,3.067e-05
2023-04-10 00:00:00.000,3.359e-05
2023-04-10 08:00:00.010,-4.969e-05
2023-04-10 16:00:00.006,2.062e-05
2023-04-11 00:00:00.008,2.648e-05
2023-04-11 08:00:00.007,8.648e-05
2023-04-11 16:00:00.016,6.716e-05
2023-04-12 00:00:00.006,1.041e-05
2023-04-12 08:00:00.008,1.29e-05
2023-04-12 16:00:00.014,3.624e-05
2023-04-13 00:00:00.027,0.0001
2023-04-13 08:00:00.010,0.0001
2023-04-13 16:00:00.000,0.0001
2023-04-14 00:00:00.001,0.0001
2023-04-14 08:00:00.008,0.0001
2023-04-14 16:00:00.007,0.0001
2023-04-15 00:00:00.007,0.0001
2023-04-15 08:00:00.007,0.0001
2023-04-15 16:00:00.011,0.0001
2023-04-16 00:00:00.014,0.0001
2023-04-16 08:00:00.007,0.0001
2023-04-16 16:00:00.002,0.0001
2023-04-17 00:00:00.017,0.0001
2023-04-17 08:00:00.006,0.0001
2023-04-17 16:00:00.000,0.0001
2023-04-18 00:00:00.013,0.0001
2023-04-18 08:00:00.017,0.0001
2023-04-18 16:00:00.000,0.0001
2023-04-19 00:00:00.022,0.0001
2023-04-19 08:00:00.014,0.0001
2023-04-19 16:00:00.000,-1.015e-05
2023-04-20 00:00:00.010,6.419e-05
2023-04-20 08:00:00.012,3.2e-07
2023-04-20 16:00:00.012,2.269e-05
2023-04-21 00:00:00.009,8.62e-05
2023-04-21 08:00:00.009,6.903e-05
2023-04-21 16:00:00.003,8.488e-05
2023-04-22 00:00:00.000,5.467e-05
2023-04-22 08:00:00.000,-5.62e-06
2023-04-22 16:00:00.016,2.848e-05
2023-04-23 00:00:00.009,-6.991e-05
2023-04-23 08:00:00.020,1.032e-05
2023-04-23 16:00:00.007,4.969e-05
2023-04-24 00:00:00.000,9.041e-05
2023-04-24 08:00:00.008,1.238e-05
2023-04-24 16:00:00.006,5.112e-05
2023-04-25 00:00:00.014,8.411e-05
2023-04-25 08:00:00.009,8.034e-05
2023-04-25 16:00:00.015,6.892e-05
2023-04-26 00:00:00.015,3.84e-05
2023-04-26 08:00:00.013,1.253e-05
2023-04-26 16:00:00.001,8.7e-05
2023-04-27 00:00:00.014,-2.203e-05
2023-04-27 08:00:00.008,5.85e-05
2023-04-27 16:00:00.005,3.408e-05
2023-04-28 00:00:00.011,8.67e-05
2023-04-28 08:00:00.007,8.037e-05
2023-04-28 16:00:00.006,8.463e-05
2023-04-29 00:00:00.004,4.382e-05
2023-04-29 08:00:00.016,7.125e-05
2023-04-29 16:00:00.001,5.044e-05
2023-04-30 00:00:00.008,6.303e-05
2023-04-30 08:00:00.000,-2.13e-06
2023-04-30 16:00:00.010,8.291e-05
2023-05-01 00:00:00.004,-2.629e-05
2023-05-01 08:00:00.008,2.338e-05
2023-05-01 16:00:00.014,8.46e-06
2023-05-02 00:00:00.015,9.917e-05
2023-05-02 08:00:00.018,2.555e-05
2023-05-02 16:00:00.000,8.146e-05
2023-05-03 00:00:00.009,9.799e-05
2023-05-03 08:00:00.003,6.273e-05
2023-05-03 16:00:00.011,0.0001
2023-05-04 00:00:00.000,0.0001
2023-05-04 08:00:00.000,0.0001
2023-05-04 16:00:00.011,9.9e-05
2023-05-05 00:00:00.002,3.555e-05
2023-05-05 08:00:00.000,5.68e-05
2023-05-05 16:00:00.000,0.0001
2023-05-06 00:00:00.009,0.0001
2023-05-06 08:00:00.000,0.0001
2023-05-06 16:00:00.000,6.94e-06
2023-05-07 00:00:00.000,1.519e-05
2023-05-07 08:00:00.000,2.257e-05
2023-05-07 16:00:00.006,4.724e-05
2023-05-08 00:00:00.000,5.356e-05
2023-05-08 08:00:00.007,1.131e-05
2023-05-08 16:00:00.015,3.803e-05
2023-05-09 00:00:00.015,9.627e-05
2023-05-09 08:00:00.000,0.0001
2023-05-09 16:00:00.000,5.218e-05
2023-05-10 00:00:00.007,2.199e-05
2023-05-10 08:00:00.003,6.916e-05
2023-05-10 16:00:00.000,4.334e-05
2023-05-11 00:00:00.011,-3.99e-06
2023-05-11 08:00:00.000,2.198e-05
2023-05-11 16:00:00.005,5.429e-05
2023-05-12 00:00:00.020,1.83e-05
2023-05-12 08:00:00.001,4.54e-06
2023-05-12 16:00:00.010,-9.17e-06
2023-05-13 00:00:00.000,2.858e-05
2023-05-13 08:00:00.000,2.366e-05
2023-05-13 16:00:00.026,8.57e-06
2023-05-14 00:00:00.029,-4.8e-06
2023-05-14 08:00:00.010,5.487e-05
2023-05-14 16:00:00.008,3.797e-05
2023-05-15 00:00:00.006,-1.849e-05
2023-05-15 08:00:00.005,-2.95e-06
2023-05-15 16:00:00.008,-1.988e-05
2023-05-16 00:00:00.021,-1.56e-05
2023-05-16 08:00:00.000,1.255e-05
2023-05-16 16:00:00.000,6.009e-05
2023-05-17 00:00:00.010,8.76e-05
2023-05-17 08:00:00.000,-1.53e-05
2023-05-17 16:00:00.001,3.984e-05
2023-05-18 00:00:00.000,7.696e-05
2023-05-18 08:00:00.026,6.739e-05
2023-05-18 16:00:00.019,5.135e-05
2023-05-19 00:00:00.000,4.796e-05
2023-05-19 08:00:00.002,2.782e-05
2023-05-19 16:00:00.000,0.0001
2023-05-20 00:00:00.005,7.933e-05
2023-05-20 08:00:00.014,7.88e-06
2023-05-20 16:00:00.020,-1.76e-06
2023-05-21 00:00:00.014,4.22e-05
2023-05-21 08:00:00.001,-1.59e-06
2023-05-21 16:00:00.015,2.497e-05
2023-05-22 00:00:00.028,2.428e-05
2023-05-22 08:00:00.000,5.518e-05
2023-05-22 16:00:00.012,9.003e-05
2023-05-23 00:00:00.006,2.79e-05
2023-05-23 08:00:00.014,0.0001
2023-05-23 16:00:00.008,7.379e-05
2023-05-24 00:00:00.000,9.078e-05
2023-05-24 08:00:00.025,1.006e-05
2023-05-24 16:00:00.008,4.917e-05
2023-05-25 00:00:00.000,1.449e-05
2023-05-25 08:00:00.025,1.48e-06
2023-05-25 16:00:00.016,6.605e-05
2023-05-26 00:00:00.000,0.0001
2023-05-26 08:00:00.024,6.574e-05
2023-05-26 16:00:00.012,3.794e-05
2023-05-27 00:00:00.012,6.425e-05
2023-05-27 08:00:00.018,4.565e-05
2023-05-27 16:00:00.008,-3.23e-05
2023-05-28 00:00:00.017,-1.2e-06
2023-05-28 08:00:00.015,-1.086e-05
2023-05-28 16:00:00.000,2.481e-05
2023-05-29 00:00:00.000,0.0001
2023-05-29 08:00:00.020,0.0001
2023-05-29 16:00:00.011,0.0001
2023-05-30 00:00:00.003,0.0001
2023-05-30 08:00:00.000,0.0001
2023-05-30 16:00:00.003,4.386e-05
2023-05-31 00:00:00.013,7.951e-05
2023-05-31 08:00:00.000,5.35e-06
2023-05-31 16:00:00.000,4.873e-05
2023-06-01 00:00:00.008,6.731e-05
2023-06-01 08:00:00.012,9.125e-05
2023-06-01 16:00:00.000,0.0001
2023-06-02 00:00:00.000,4.67e-05
2023-06-02 08:00:00.006,0.0001
2023-06-02 16:00:00.012,8.252e-05
2023-06-03 00:00:00.000,0.0001
2023-06-03 08:00:00.011,7.857e-05
2023-06-03 16:00:00.003,9.5e-06
2023-06-04 00:00:00.000,2.827e-05
2023-06-04 08:00:00.000,4.801e-05
2023-06-04 16:00:00.000,8.077e-05
2023-06-05 00:00:00.005,2.94e-06
2023-06-05 08:00:00.000,2.308e-05
2023-06-05 16:00:00.000,7.505e-05
2023-06-06 00:00:00.000,-4.896e-05
2023-06-06 08:00:00.009,1.99e-06
2023-06-06 16:00:00.013,8.581e-05
2023-06-07 00:00:00.000,0.0001
2023-06-07 08:00:00.016,0.0001
2023-06-07 16:00:00.000,2.658e-05
2023-06-08 00:00:00.006,6.055e-05
2023-06-08 08:00:00.000,5.971e-05
2023-06-08 16:00:00.000,6.27e-05
2023-06-09 00:00:00.000,7.287e-05
2023-06-09 08:00:00.000,9.72e-06
2023-06-09 16:00:00.000,7.382e-05
2023-06-10 00:00:00.000,6.01e-05
2023-06-10 08:00:00.000,5.325e-05
2023-06-10 16:00:00.000,1.875e-05
2023-06-11 00:00:00.001,1.783e-05
2023-06-11 08:00:00.000,6.332e-05
2023-06-11 16:00:00.000,2.351e-05
2023-06-12 00:00:00.000,7.802e-05
2023-06-12 08:00:00.000,9.417e-05
2023-06-12 16:00:00.001,2.839e-05
2023-06-13 00:00:00.000,7.468e-05
2023-06-13 08:00:00.000,4.944e-05
2023-06-13 16:00:00.000,5.417e-05
2023-06-14 00:00:00.000,9.312e-05
2023-06-14 08:00:00.000,1.378e-05
2023-06-14 16:00:00.000,2.759e-05
2023-06-15 00:00:00.000,-7.479e-05
2023-06-15 08:00:00.000,-8.236e-05
2023-06-15 16:00:00.000,3.041e-05
2023-06-16 00:00:00.000,-8.034e-05
2023-06-16 08:00:00.000,-5.17e-05
2023-06-16 16:00:00.000,-1.294e-05
2023-06-17 00:00:00.000,6.711e-05
2023-06-17 08:00:00.000,0.0001
2023-06-17 16:00:00.000,-1.45e-06
2023-06-18 00:00:00.000,-7.19e-06
2023-06-18 08:00:00.000,-8.65e-06
2023-06-18 16:00:00.000,5.296e-05
2023-06-19 00:00:00.000,3.436e-05
2023-06-19 08:00:00.000,5.597e-05
2023-06-19 16:00:00.000,2.962e-05
2023-06-20 00:00:00.001,3.35e-05
2023-06-20 08:00:00.000,-2.167e-05
2023-06-20 16:00:00.000,2.359e-05
2023-06-21 00:00:00.000,0.0001
2023-06-21 08:00:00.000,1.018e-05
2023-06-21 16:00:00.000,-2.36e-06
2023-06-22 00:00:00.000,0.0001
2023-06-22 08:00:00.001,0.0001
2023-06-22 16:00:00.000,0.0001
2023-06-23 00:00:00.000,0.0001
2023-06-23 08:00:00.000,0.0001
2023-06-23 16:00:00.000,4.288e-05
2023-06-24 00:00:00.000,0.0001
2023-06-24 08:00:00.000,0.0001
2023-06-24 16:00:00.000,3.414e-05
2023-06-25 00:00:00.000,0.0001
2023-06-25 08:00:00.000,0.0001
2023-06-25 16:00:00.000,0.0001
2023-06-26 00:00:00.000,0.0001
2023-06-26 08:00:00.000,7.153e-05
2023-06-26 16:00:00.000,7.038e-05
2023-06-27 00:00:00.000,4.477e-05
2023-06-27 08:00:00.000,6.237e-05
2023-06-27 16:00:00.000,1.184e-05
2023-06-28 00:00:00.000,0.0001
2023-06-28 08:00:00.000,2.202e-05
2023-06-28 16:00:00.000,3.873e-05
2023-06-29 00:00:00.000,1.497e-05
2023-06-29 08:00:00.000,1.188e-05
2023-06-29 16:00:00.000,0.0001
2023-06-30 00:00:00.000,3.965e-05
2023-06-30 08:00:00.000,0.0001
2023-06-30 16:00:00.001,0.0001
2023-07-01 00:00:00.000,0.0001
2023-07-01 08:00:00.000,0.0001
2023-07-01 16:00:00.000,0.0001
2023-07-02 00:00:00.000,0.0001
2023-07-02 08:00:00.000,0.0001
2023-07-02 16:00:00.001,0.0001
2023-07-03 00:00:00.000,0.0001
2023-07-03 08:00:00.000,0.0001
2023-07-03 16:00:00.000,0.0001
2023-07-04 00:00:00.001,0.0001
2023-07-04 08:00:00.000,0.0001
2023-07-04 16:00:00.000,0.0001
2023-07-05 00:00:00.000,0.0001
2023-07-05 08:00:00.000,0.0001
2023-07-05 16:00:00.000,0.0001
2023-07-06 00:00:00.000,0.0001
2023-07-06 08:00:00.000,0.0001
2023-07-06 16:00:00.000,2.778e-05
2023-07-07 00:00:00.000,7.449e-05
2023-07-07 08:00:00.000,3.362e-05
2023-07-07 16:00:00.000,2.585e-05
2023-07-08 00:00:00.000,3.796e-05
2023-07-08 08:00:00.000,1.339e-05
2023-07-08 16:00:00.000,-4.17e-06
2023-07-09 00:00:00.000,3.226e-05
2023-07-09 08:00:00.000,2.878e-05
2023-07-09 16:00:00.000,3.18e-05
2023-07-10 00:00:00.000,2.726e-05
2023-07-10 08:00:00.000,4.524e-05
2023-07-10 16:00:00.000,7.179e-05
2023-07-11 00:00:00.000,9.527e-05
2023-07-11 08:00:00.000,7.653e-05
2023-07-11 16:00:00.000,2.549e-05
2023-07-12 00:00:00.000,8.29e-05
2023-07-12 08:00:00.000,0.0001
2023-07-12 16:00:00.000,7.32e-05
2023-07-13 00:00:00.000,-8.22e-06
2023-07-13 08:00:00.000,5.591e-05
2023-07-13 16:00:00.000,-4.55e-05
2023-07-14 00:00:00.000,0.0001
2023-07-14 08:00:00.000,0.0001
2023-07-14 16:00:00.000,0.0001
2023-07-15 00:00:00.000,-1.31e-06
2023-07-15 08:00:00.000,8.11e-05
2023-07-15 16:00:00.000,8.792e-05
2023-07-16 00:00:00.001,5.641e-05
2023-07-16 08:00:00.000,4.632e-05
2023-07-16 16:00:00.000,4.081e-05
2023-07-17 00:00:00.000,2.809e-05
2023-07-17 08:00:00.000,2.313e-05
2023-07-17 16:00:00.000,3.963e-05
2023-07-18 00:00:00.000,6.696e-05
2023-07-18 08:00:00.000,8.539e-05
2023-07-18 16:00:00.000,7.161e-05
2023-07-19 00:00:00.000,6.538e-05
2023-07-19 08:00:00.000,0.0001
2023-07-19 16:00:00.001,9.161e-05
2023-07-20 00:00:00.000,-2.41e-06
2023-07-20 08:00:00.000,9.217e-05
2023-07-20 16:00:00.000,0.0001
2023-07-21 00:00:00.001,1.798e-05
2023-07-21 08:00:00.000,4.73e-06
2023-07-21 16:00:00.000,7.376e-05
2023-07-22 00:00:00.000,5.769e-05
2023-07-22 08:00:00.000,-4.15e-06
2023-07-22 16:00:00.000,1.649e-05
2023-07-23 00:00:00.000,1.578e-05
2023-07-23 08:00:00.000,3.411e-05
2023-07-23 16:00:00.000,5.404e-05
2023-07-24 00:00:00.000,0.0001
2023-07-24 08:00:00.000,-8e-07
2023-07-24 16:00:00.000,7.167e-05
2023-07-25 00:00:00.000,8.389e-05
2023-07-25 08:00:00.000,0.0001
2023-07-25 16:00:00.000,7.49e-05
2023-07-26 00:00:00.000,9.056e-05
2023-07-26 08:00:00.001,6.753e-05
2023-07-26 16:00:00.000,9.889e-05
2023-07-27 00:00:00.000,0.0001
2023-07-27 08:00:00.000,8.145e-05
2023-07-27 16:00:00.001,3.967e-05
2023-07-28 00:00:00.000,4.95e-05
2023-07-28 08:00:00.000,5.36e-05
2023-07-28 16:00:00.000,9.408e-05
2023-07-29 00:00:00.000,0.0001
2023-07-29 08:00:00.000,1.485e-05
2023-07-29 16:00:00.001,0.0001
2023-07-30 00:00:00.000,0.0001
2023-07-30 08:00:00.000,1.949e-05
2023-07-30 16:00:00.000,3.686e-05
2023-07-31 00:00:00.000,4.9e-07
2023-07-31 08:00:00.000,1.7e-06
2023-07-31 16:00:00.001,4.221e-05
2023-08-01 00:00:00.000,8.008e-05
2023-08-01 08:00:00.000,3.03e-05
2023-08-01 16:00:00.000,0.0001
2023-08-02 00:00:00.000,0.0001
2023-08-02 08:00:00.000,0.0001
2023-08-02 16:00:00.000,0.0001
2023-08-03 00:00:00.000,0.0001
2023-08-03 08:00:00.000,0.0001
2023-08-03 16:00:00.001,0.0001
2023-08-04 00:00:00.000,0.0001
2023-08-04 08:00:00.000,4.83e-05
2023-08-04 16:00:00.000,0.0001
2023-08-05 00:00:00.000,6.861e-05
2023-08-05 08:00:00.000,9.22e-05
2023-08-05 16:00:00.001,0.0001
2023-08-06 00:00:00.000,0.0001
2023-08-06 08:00:00.001,6.951e-05
2023-08-06 16:00:00.005,4.934e-05
2023-08-07 00:00:00.000,0.0001
2023-08-07 08:00:00.000,9.331e-05
2023-08-07 16:00:00.000,0.0001
2023-08-08 00:00:00.000,6.695e-05
2023-08-08 08:00:00.000,0.0001
2023-08-08 16:00:00.000,4.942e-05
2023-08-09 00:00:00.000,0.0001
2023-08-09 08:00:00.000,1.575e-05
2023-08-09 16:00:00.000,6.699e-05
2023-08-10 00:00:00.001,8.799e-05
2023-08-10 08:00:00.000,9.807e-05
2023-08-10 16:00:00.000,8.989e-05
2023-08-11 00:00:00.000,3.796e-05
2023-08-11 08:00:00.000,7.02e-06
2023-08-11 16:00:00.000,4.072e-05
2023-08-12 00:00:00.000,6.253e-05
2023-08-12 08:00:00.000,4.437e-05
2023-08-12 16:00:00.000,6.868e-05
2023-08-13 00:00:00.000,5.65e-05
2023-08-13 08:00:00.000,3.083e-05
2023-08-13 16:00:00.000,9.458e-05
2023-08-14 00:00:00.001,0.0001
2023-08-14 08:00:00.000,0.0001
2023-08-14 16:00:00.000,9.882e-05
2023-08-15 00:00:00.001,7.579e-05
2023-08-15 08:00:00.000,9.894e-05
2023-08-15 16:00:00.000,8.909e-05
2023-08-16 00:00:00.000,7.286e-05
2023-08-16 08:00:00.001,9.487e-05
2023-08-16 16:00:00.000,0.0001
2023-08-17 00:00:00.000,0.0001
2023-08-17 08:00:00.000,7.426e-05
2023-08-17 16:00:00.000,7.146e-05
2023-08-18 00:00:00.000,-0.00017498
2023-08-18 08:00:00.000,8.602e-05
2023-08-18 16:00:00.000,2.951e-05
2023-08-19 00:00:00.000,-4.58e-05
2023-08-19 08:00:00.000,-7.861e-05
2023-08-19 16:00:00.000,-8.349e-05
2023-08-20 00:00:00.000,-0.00011445
2023-08-20 08:00:00.000,-9.092e-05
2023-08-20 16:00:00.000,-1.625e-05
2023-08-21 00:00:00.000,-4.01e-05
2023-08-21 08:00:00.000,-4.365e-05
2023-08-21 16:00:00.000,5.92e-06
2023-08-22 00:00:00.000,3.645e-05
2023-08-22 08:00:00.000,-6.552e-05
2023-08-22 16:00:00.000,-3.757e-05
2023-08-23 00:00:00.000,-2.059e-05
2023-08-23 08:00:00.000,-1.6e-06
2023-08-23 16:00:00.000,3.34e-06
2023-08-24 00:00:00.000,2.659e-05
2023-08-24 08:00:00.000,-9.57e-06
2023-08-24 16:00:00.000,-1.897e-05
2023-08-25 00:00:00.000,-2.692e-05
2023-08-25 08:00:00.000,-1.529e-05
2023-08-25 16:00:00.000,4.98e-06
2023-08-26 00:00:00.000,3.56e-05
2023-08-26 08:00:00.000,-5.5e-07
2023-08-26 16:00:00.000,-6.303e-05
2023-08-27 00:00:00.000,3.99e-06
2023-08-27 08:00:00.000,1.535e-05
2023-08-27 16:00:00.000,2.696e-05
2023-08-28 00:00:00.000,-1.76e-06
2023-08-28 08:00:00.001,-4.85e-05
2023-08-28 16:00:00.001,5.739e-05
2023-08-29 00:00:00.000,3.145e-05
2023-08-29 08:00:00.000,1.139e-05
2023-08-29 16:00:00.000,-0.0001273
2023-08-30 00:00:00.000,7.488e-05
2023-08-30 08:00:00.000,7.249e-05
2023-08-30 16:00:00.000,4.644e-05
2023-08-31 00:00:00.000,3.628e-05
2023-08-31 08:00:00.000,5.955e-05
2023-08-31 16:00:00.000,2.375e-05
2023-09-01 00:00:00.000,3.532e-05
2023-09-01 08:00:00.000,-1.812e-05
2023-09-01 16:00:00.001,2.457e-05
2023-09-02 00:00:00.000,8.05e-06
2023-09-02 08:00:00.000,-1.621e-05
2023-09-02 16:00:00.000,6.05e-06
2023-09-03 00:00:00.000,1.39e-05
2023-09-03 08:00:00.000,-2.475e-05
2023-09-03 16:00:00.000,-6.21e-06
2023-09-04 00:00:00.000,-7.5e-07
2023-09-04 08:00:00.000,-7.752e-05
2023-09-04 16:00:00.000,9.8e-06
2023-09-05 00:00:00.000,3.126e-05
2023-09-05 08:00:00.000,2.9e-06
2023-09-05 16:00:00.000,9.77e-06
2023-09-06 00:00:00.000,2.88e-05
2023-09-06 08:00:00.000,-3.144e-05
2023-09-06 16:00:00.001,5.701e-05
2023-09-07 00:00:00.000,4.502e-05
2023-09-07 08:00:00.000,7.831e-05
2023-09-07 16:00:00.000,4.354e-05
2023-09-08 00:00:00.000,5.596e-05
2023-09-08 08:00:00.000,2.685e-05
2023-09-08 16:00:00.000,2.497e-05
2023-09-09 00:00:00.000,5.008e-05
2023-09-09 08:00:00.000,2.832e-05
2023-09-09 16:00:00.000,4.629e-05
2023-09-10 00:00:00.000,3.947e-05
2023-09-10 08:00:00.000,1.527e-05
2023-09-10 16:00:00.000,7.75e-06
2023-09-11 00:00:00.000,4.838e-05
2023-09-11 08:00:00.000,5.747e-05
2023-09-11 16:00:00.001,-6.25e-06
2023-09-12 00:00:00.000,-4.991e-05
2023-09-12 08:00:00.000,-2.671e-05
2023-09-12 16:00:00.000,-1.44e-06
2023-09-13 00:00:00.000,2.004e-05
2023-09-13 08:00:00.000,-3.26e-05
2023-09-13 16:00:00.000,3.87e-05
2023-09-14 00:00:00.000,-3.64e-05
2023-09-14 08:00:00.001,3.172e-05
2023-09-14 16:00:00.000,-5.6e-06
2023-09-15 00:00:00.000,7.26e-06
2023-09-15 08:00:00.000,-2.473e-05
2023-09-15 16:00:00.000,3.877e-05
2023-09-16 00:00:00.000,0.0001
2023-09-16 08:00:00.000,9.3e-06
2023-09-16 16:00:00.000,2.24e-06
2023-09-17 00:00:00.000,2.272e-05
2023-09-17 08:00:00.000,-9.41e-06
2023-09-17 16:00:00.000,4.182e-05
2023-09-18 00:00:00.000,6.22e-06
2023-09-18 08:00:00.000,1.365e-05
2023-09-18 16:00:00.000,2.976e-05
2023-09-19 00:00:00.000,-1.298e-05
2023-09-19 08:00:00.001,-1.248e-05
2023-09-19 16:00:00.000,1.153e-05
2023-09-20 00:00:00.000,4.614e-05
2023-09-20 08:00:00.000,2.387e-05
2023-09-20 16:00:00.000,2.909e-05
2023-09-21 00:00:00.001,3.804e-05
2023-09-21 08:00:00.000,7.655e-05
2023-09-21 16:00:00.000,-6.38e-06
2023-09-22 00:00:00.000,2.241e-05
2023-09-22 08:00:00.000,2.865e-05
2023-09-22 16:00:00.000,3.523e-05
2023-09-23 00:00:00.000,2.817e-05
2023-09-23 08:00:00.000,2.963e-05
2023-09-23 16:00:00.000,2.321e-05
2023-09-24 00:00:00.000,2.991e-05
2023-09-24 08:00:00.000,-5.58e-06
2023-09-24 16:00:00.000,4.671e-05
2023-09-25 00:00:00.000,2.857e-05
2023-09-25 08:00:00.000,4.305e-05
2023-09-25 16:00:00.000,5.13e-05
2023-09-26 00:00:00.000,6.471e-05
2023-09-26 08:00:00.000,1.558e-05
2023-09-26 16:00:00.000,5.673e-05
2023-09-27 00:00:00.000,0.0001
2023-09-27 08:00:00.001,6.67e-06
2023-09-27 16:00:00.000,4.982e-05
